Column1;id;age;cause;vus;country;kpp;yService;voenk;kategory;katZ;date;date_wo_time
0;1598;23.0;отказ во въезде;;Финляндия;Торфяновка;;;;;22.09.2022 6:49;2022-09-22
1;1699;NULL;отказ во въезде;;Литва;Советск;;;;;22.09.2022 23:26;2022-09-22
2;1756;NULL;отсутсвие визы принимающей страны;;Иран;Шереметьево;;;;;23.09.2022 15:29;2022-09-23
3;1791;NULL;отказ во въезде;;Литва;Каменный Лог;;;;;23.09.2022 5:00;2022-09-23
4;1800;30.0;отказ от военкомата;служил;ОАЭ;Домодедово;;;;;24.09.2022 8:00;2022-09-24
5;1800;26.0;отказ от военкомата;служил;Казахстан;Николаевка;;;А;;24.09.2022 0:00;2022-09-24
6;1800;26.0;отказ от военкомата;служил;Турция;Уфа;;;А;;24.09.2022 8:00;2022-09-24
7;1862;33.0;отказ от военкомата;стрелок;Казахстан;;;;;;24.09.2022 12:21;2022-09-24
8;1862;35.0;отказ от военкомата;не служил;Казахстан;;;;;;24.09.2022 12:21;2022-09-24
9;1863;40.0;долг;не служил;;Домодедово;;;В;;24.09.2022 12:26;2022-09-24
10;1864;29.0;отказ во въезде;не служил;Эстония;Ивангород;;;В;;24.09.2022 12:33;2022-09-24
11;1882;39.0;отказ во въезде;не служил;Эстония;Ивангород;;;;;24.09.2022 13:57;2022-09-24
12;1887;26.0;отказ от военкомата;Дежурный КПП;Казахстан;Петухово;;;;1.0;24.09.2022 14:15;2022-09-24
13;1945;35.0;отсутствие ковидного сертификата;не служил;Азербайджан;Шереметьево;;;В;;24.09.2022 19:32;2022-09-24
14;1963;24.0;отказ от военкомата;Развед. Десант;Казахстан;Локоть;;;;;24.09.2022 20:32;2022-09-24
15;1968;29.0;отсутствие ковидного сертификата;;Азербайджан;Домодедово;;;;;24.09.2022 20:50;2022-09-24
16;1981;30.0;отказ от военкомата;артиллерия;Узбекистан;Казань;2009-2010;;Б;;24.09.2022 21:31;2022-09-24
17;1986;NULL;отказ от военкомата;;Казахстан;Бугристое;;Екатеринбург;;;24.09.2022 22:47;2022-09-24
18;1994;40.0;отказ во въезде;не служил;Эстония;Ивангород;;;;;24.09.2022 23:08;2022-09-24
19;2016;24.0;отказ от военкомата;служил;Казахстан;Казанское;;;А;;25.09.2022 8:59;2022-09-25
20;2016;26.0;отказ от военкомата;служил;Казахстан;Казанское;;;А;;25.09.2022 8:59;2022-09-25
21;2064;32.0;отказ во въезде;в ВС РФ не служил (ВСУ);Эстония;Печоры;;;;;25.09.2022 12:30;2022-09-25
22;2069;NULL;отказ от военкомата;служил;;Курумоч;2020-2021;;;;25.09.2022 12:59;2022-09-25
23;2080;29.0;отказ от военкомата;служил;Казахстан;Сагарчин;;;;;25.09.2022 13:59;2022-09-25
24;2090;28.0;отказ от военкомата;артиллерия, рядовой;Киргизия;Красноярск;;;А;;25.09.2022 14:26;2022-09-25
25;2096;34.0;отказ во въезде;;Литва;Чернышевское;;;;;25.09.2022 14:43;2022-09-25
26;2098;28.0;отказ от военкомата;служил;Армения;Курумоч;;;;;25.09.2022 14:48;2022-09-25
27;2103;NULL;отказ во въезде;;Эстония;Ивангород;;;;;25.09.2022 15:34;2022-09-25
28;2111;38.0;долг;906;Казахстан;Караозек;;;;1.0;25.09.2022 2:00;2022-09-25
29;2123;28.0;отказ от военкомата;оператор радиолокационных станций ВКС;Казахстан;;2016-2017;;Б2;1.0;25.09.2022 13:23;2022-09-25
30;2129;NULL;отказ во въезде;;Эстония;Ивангород;;;;;25.09.2022 18:40;2022-09-25
31;2134;26.0;отказ от военкомата;водитель;Казахстан;Бугристое;;Архангельская область;;1.0;25.09.2022 19:24;2022-09-25
32;2136;30.0;отказ от военкомата;служил;Грузия;Верхний Ларс;;;;;25.09.2022 19:35;2022-09-25
33;2137;27.0;отказ от военкомата;водитель;Азербайджан;Внуково;;;В;;25.09.2022 19:36;2022-09-25
34;2171;35.0;отказ во въезде;;Эстония;Ивангород;;;В;2.0;25.09.2022 21:31;2022-09-25
35;2214;32.0;отказ во въезде;;Грузия;Граница с Арменией;;;;;25.09.2022 22:17;2022-09-25
36;2243;31.0;отказ от военкомата;служил;Казахстан;Петухово;;;;;26.09.2022 8:02;2022-09-26
37;2243;30.0;отказ от военкомата;;Турция;Шереметьево;;;;;26.09.2022 8:02;2022-09-26
38;2244;24.0;отказ от военкомата;военная кафедра;Казахстан;Кулунда;;;;;26.09.2022 8:03;2022-09-26
39;2244;41.0;долг;не служил;Казахстан;Ольховка;;;В;;26.09.2022 8:03;2022-09-26
40;2244;30.0;отказ от военкомата;;Турция;Внуково;;;;;26.09.2022 8:03;2022-09-26
41;2244;25.0;отказ от военкомата;служил;;;;;А;;26.09.2022 8:03;2022-09-26
42;2245;27.0;;наводчик реактивной артиллерии;Казахстан;Бугристое;;;А;;26.09.2022 8:05;2022-09-26
43;2246;25.0;отказ от военкомата;служил;Беларусь;Шереметьево;;;;;26.09.2022 8:07;2022-09-26
44;2298;28.0;отказ во въезде;;Эстония;Ивангород;;;;;26.09.2022 13:55;2022-09-26
45;2304;26.0;;механик-водитель;Турция;Минск;;;;;23.09.2022 14:30;2022-09-23
46;2305;52.0;антиковидные ограничения;;Польша;Брест;;;;;24.09.2022 14:35;2022-09-24
47;2310;30.0;отказ от военкомата;служил;Казахстан;Теплое;;Архангельск;А2;;26.09.2022 15:08;2022-09-26
48;2318;NULL;отказ от военкомата;ПВО, военная кафедра;Узбекистан;Внуково;;;А;;26.09.2022 16:24;2022-09-26
49;2319;29.0;отказ от военкомата;саниструктор;Казахстан;Сагарчин;;Челябинск;;;26.09.2022 16:26;2022-09-26
50;2322;NULL;отказ от военкомата;механик-водитель средних танков;Армения;Домодедово;2009-2010;;А1;1.0;26.09.2022 16:37;2022-09-26
51;2328;24.0;отказ от военкомата;военная кафедра;Армения;Минеральные Воды;;;;;26.09.2022 17:27;2022-09-26
52;2329;30.0;отказ от военкомата;служил;Узбекистан;Внуково;;;;1.0;26.09.2022 17:32;2022-09-26
53;2332;30.0;отказ от военкомата;связист сержант;Казахстан;Озинки;;;;1.0;26.09.2022 11:47;2022-09-26
54;2336;NULL;отсутствие ковидного сертификата;;Азербайджан;;;;;;26.09.2022 18:09;2022-09-26
55;2337;28.0;просроченный украинский загранпаспорт;;Казахстан;Караозек;;;;;25.09.2022 18:14;2022-09-25
56;2340;24.0;отсутствие загранпаспорта;;;;;;;;26.09.2022 18:30;2022-09-26
57;2341;28.0;отказ от военкомата;;Казахстан;Михайловское;2014-2015;Кемерово;Б3;1.0;26.09.2022 18:40;2022-09-26
58;2341;23.0;отказ от военкомата;;Казахстан;Михайловское;2019-2020;Кемерово;Б3;1.0;26.09.2022 18:40;2022-09-26
59;2353;25.0;отказ от военкомата;водитель;Казахстан;;;Хакасия;Б;;26.09.2022 19:18;2022-09-26
60;2372;55.0;отказ во въезде;служил;Польша;;;;;1.0;25.09.2022 20:38;2022-09-25
61;2374;26.0;;служил;Армения;Минеральные Воды;;;В;;26.09.2022 20:41;2022-09-26
62;2386;29.0;отказ от военкомата;РЭБ;Казахстан;Петухово;;Петрозаводск, Карелия;;;26.09.2022 21:01;2022-09-26
63;2405;NULL;отказ от военкомата;не служил;Казахстан;Караозек;;Краснодарский край;;;26.09.2022 23:00;2022-09-26
64;2426;27.0;долг;не служил;Грузия;Верхний Ларс;;;;;26.09.2022 8:00;2022-09-26
65;2433;30.0;отказ от военкомата;механик-водитель, инженерные войска;Казахстан;Павловка;;Кемеровская область;А;;27.09.2022 9:47;2022-09-27
66;2434;28.0;;420, военная кафедра;Армения;Внуково;;;;;27.09.2022 9:49;2022-09-27
67;2436;NULL;долг;не служил;Казахстан;Мариинский;;;В;;27.09.2022 9:49;2022-09-27
68;2436;24.0;отказ от военкомата;служил;Казахстан;Исилькуль;;;;;25.09.2022 9:49;2022-09-25
69;2436;27.0;отказ от военкомата;СпН;Казахстан;Орск;;;А;;27.09.2022 9:49;2022-09-27
70;2437;24.0;отказ от военкомата;служил;Грузия;Верхний Ларс;;;;1.0;26.09.2022 9:50;2022-09-26
71;2439;28.0;отказ от военкомата;100, стрелок, росгвардия;Казахстан;Мариинское;;Москва;;1.0;27.09.2022 10:30;2022-09-27
72;2440;NULL;отказ во въезде;;Эстония;;;;;;27.09.2022 10:31;2022-09-27
73;2440;NULL;отказ от военкомата;артиллерия;Киргизия;Шереметьево;2014-2015;;;1.0;26.09.2022 17:31;2022-09-26
74;2441;NULL;на велосипеде;;Казахстан;Озинки;;;;;27.09.2022 10:32;2022-09-27
75;2441;32.0;отказ от военкомата;инженер, офицер;Казахстан;Михайловка;;;;;27.09.2022 10:32;2022-09-27
76;2449;26.0;отказ от военкомата;служил;Армения;Сочи;;;А1;;27.09.2022 11:50;2022-09-27
77;2469;38.0;отказ от военкомата;офицер запаса;Турция;Внуково;;Смоленск;;;27.09.2022 12:55;2022-09-27
78;2481;34.0;отказ от военкомата;командир отделения стрелков, сержант;Грузия;Верхний Ларс;;;А;;27.09.2022 13:25;2022-09-27
79;2494;31.0;отказ от военкомата;служил;Армения;Курумочи;;;;;27.09.2022 14:17;2022-09-27
80;2496;30.0;отказ от военкомата;;Беларусь;Новосокольники;;;;;27.09.2022 0:20;2022-09-27
81;2500;36.0;отказ от военкомата;артиллерия, военная кафедра;Финляндия;Торфяновка;;;В;;27.09.2022 14:27;2022-09-27
82;2502;35.0;отказ от военкомата;военная кафедра;Казахстан;Бугристое;;;А;;27.09.2022 14:28;2022-09-27
83;2505;31.0;;служил;Казахстан;Мариинский;;;;1.0;27.09.2022 14:31;2022-09-27
84;2506;25.0;отказ от военкомата;140, военная кафедра;Киргизия;Домодедово;;;;;27.09.2022 14:33;2022-09-27
85;2530;29.0;отказ от военкомата;артиллерия;Казахстан;Озинки;;;;;27.09.2022 10:00;2022-09-27
86;2520;36.0;отказ от военкомата;военная кафедра, офицер;Таджикистан;Жуковский;;;В;;27.09.2022 14:45;2022-09-27
87;2534;NULL;отказ во въезде;;Польша;Мамоново;;;;;27.09.2022 15:03;2022-09-27
88;2534;NULL;отказ во въезде;;Польша;Мамоново;;;;;27.09.2022 15:03;2022-09-27
89;2534;NULL;отказ во въезде;;Польша;Мамоново;;;;;27.09.2022 15:03;2022-09-27
90;2534;NULL;отказ во въезде;;Польша;Мамоново;;;;;27.09.2022 15:03;2022-09-27
91;2534;NULL;отказ во въезде;;Польша;Мамоново;;;;;27.09.2022 15:03;2022-09-27
92;2534;NULL;отказ во въезде;;Польша;Мамоново;;;;;27.09.2022 15:03;2022-09-27
93;2534;NULL;отказ во въезде;;Польша;Мамоново;;;;;27.09.2022 15:03;2022-09-27
94;2534;NULL;отказ во въезде;;Польша;Мамоново;;;;;27.09.2022 15:03;2022-09-27
95;2534;NULL;отказ во въезде;;Польша;Мамоново;;;;;27.09.2022 15:03;2022-09-27
96;2534;NULL;отказ во въезде;;Польша;Мамоново;;;;;27.09.2022 15:03;2022-09-27
97;2540;20.0;отказ от военкомата;служил;Армения;Минеральные Воды;;;А1;;27.09.2022 15:13;2022-09-27
98;2542;28.0;отказ от военкомата;водитель;Грузия;Верхний Ларс;;;А;;27.09.2022 2:40;2022-09-27
99;2543;25.0;;механик спутниковой связи;Казахстан;Маштаково;;Ярославская область;А4;;26.09.2022 7:16;2022-09-26
100;2546;39.0;отказ от военкомата;без ВУС, военная кафедра, офицер;Турция;Пулково;;;;;27.09.2022 15:23;2022-09-27
101;2559;23.0;отказ от военкомата;837;Казахстан;Пулково;;;б3;;27.09.2022 15:33;2022-09-27
102;2561;28.0;отказ от военкомата;служил;ОАЭ;Внуково;2016-2017;;;1.0;27.09.2022 15:35;2022-09-27
103;2563;NULL;;служил;Казахстан;;;;А;;26.09.2022 15:38;2022-09-26
104;2563;32.0;отказ от военкомата;водитель автомобилей;Азербайджан;Внуково;;;Б3;1.0;26.09.2022 15:38;2022-09-26
105;2574;NULL;отказ от военкомата;служил;Казахстан;Мариинский;;;А1;;27.09.2022 16:03;2022-09-27
106;2583;28.0;отказ от военкомата;командир отделения мостостроительных средств, военная кафедра;Казахстан;Сагарчин;;;А;2.0;27.09.2022 16:11;2022-09-27
107;2608;NULL;отказ во въезде;;Эстония;Ивангород;;;;;27.09.2022 16:35;2022-09-27
108;2608;NULL;отказ во въезде;;Эстония;Ивангород;;;;;27.09.2022 16:35;2022-09-27
109;2608;NULL;отказ во въезде;;Эстония;Ивангород;;;;;27.09.2022 16:35;2022-09-27
110;2608;NULL;отказ во въезде;;Эстония;Ивангород;;;;;27.09.2022 16:35;2022-09-27
111;2608;NULL;отказ во въезде;;Эстония;Ивангород;;;;;27.09.2022 16:35;2022-09-27
112;2613;19.0;без объяснения причин;не служил;Казахстан;Кольцово;;;;;27.09.2022 16:47;2022-09-27
113;2616;35.0;отказ от военкомата;военная кафедра;Казахстан;Бугристое;;;А;;27.09.2022 16:55;2022-09-27
114;2618;31.0;отказ от военкомата;659;Иран;Внуково;;Владимирская область;;1.0;27.09.2022 17:12;2022-09-27
115;2621;NULL;;служил;Турция;Домодедово;;;;;27.09.2022 17:16;2022-09-27
116;2623;NULL;отказ от военкомата;472, военная кафедра;Армения;Внуково;;Ленинградская область;А;;27.09.2022 17:18;2022-09-27
117;2630;26.0;отказ от военкомата;служил;Казахстан;Исилькуль;;Ульяновская область;;1.0;27.09.2022 17:27;2022-09-27
118;2641;25.0;отказ от военкомата;военная кафедра;Казахстан;Веселоярск;;;;;27.09.2022 17:52;2022-09-27
119;2665;38.0;долг;не служил;Иран;Шереметьево;;;В;;27.09.2022 21:20;2022-09-27
120;2675;31.0;отказ от военкомата;военная кафедра;Таджикистан;Пулково;;Ленинградская область;;;27.09.2022 21:45;2022-09-27
121;2677;39.0;отказ от военкомата;без ВУС, военная кафедра, офицер;Турция;Пулково;;;;1.0;27.09.2022 21:49;2022-09-27
122;2679;31.0;отказ от военкомата;служил;Киргизия;Красноярск;;Республика Хакасия;А;;27.09.2022 21:51;2022-09-27
123;2682;27.0;отказ от военкомата;военная кафедра, рядовой;Турция;Шереметьево;;;А2;;27.09.2022 21:55;2022-09-27
124;2691;NULL;отказ во въезде;;Польша;Мамоново;;;;;27.09.2022 22:07;2022-09-27
125;2691;NULL;отказ во въезде;;Польша;Мамоново;;;;;27.09.2022 22:07;2022-09-27
126;2691;NULL;отказ во въезде;;Польша;Мамоново;;;;;27.09.2022 22:07;2022-09-27
127;2691;NULL;отказ во въезде;;Польша;Мамоново;;;;;27.09.2022 22:07;2022-09-27
128;2691;NULL;отказ во въезде;;Польша;Мамоново;;;;;27.09.2022 22:07;2022-09-27
129;2691;NULL;отказ во въезде;;Польша;Мамоново;;;;;27.09.2022 22:07;2022-09-27
130;2691;NULL;отказ во въезде;;Польша;Мамоново;;;;;27.09.2022 22:07;2022-09-27
131;2691;NULL;отказ во въезде;;Польша;Мамоново;;;;;27.09.2022 22:07;2022-09-27
132;2697;41.0;порванный паспорт;служил;Казахстан;;;;;;25.09.2022 22:15;2022-09-25
133;2697;25.0;отказ от военкомата;электрик;Киргизия;Шереметьево;;Москва;А;;27.09.2022 22:15;2022-09-27
134;2703;30.0;отказ от военкомата;водитель, МЧС, спецучет;Мальдивская Республика;Шереметьево;;;;1.0;27.09.2022 22:23;2022-09-27
135;2717;29.0;отказ от военкомата;служил;Грузия;Верхний Ларс;;;А;;27.09.2022 22:44;2022-09-27
136;2722;24.0;;служил;Казахстан;Маштаково;;;;;27.09.2022 22:50;2022-09-27
137;2736;27.0;отказ от военкомата;морская пехота, дшб;Казахстан;Николаевка;;;;;27.09.2022 23:15;2022-09-27
138;2737;25.0;отказ от военкомата;служил;Казахстан;Мариинский;;Челябинская область;;;27.09.2022 23:17;2022-09-27
139;2738;35.0;;служил, мобилизационное предписание;Таджикистан;Жуковский;;;;;27.09.2022 23:19;2022-09-27
140;2744;33.0;;связист;Таджикистан;Жуковский;;;А;;27.09.2022 23:35;2022-09-27
141;2761;24.0;отказ от военкомата;131, военная кафедра, командир артиллерийских орудий;Турция;Шереметьево;;;Б1;;27.09.2022 22:36;2022-09-27
142;2762;NULL;отсутствие загранпаспорта;;Польша;;;;;;28.09.2022 9:40;2022-09-28
143;2772;27.0;отказ от военкомата;441, военная кафедра;Узбекистан;Шереметьево;;;;;28.09.2022 10:05;2022-09-28
144;2773;25.0;отказ от военкомата;служил;Армения;Домодедово;;Москва;А2;;28.09.2022 10:07;2022-09-28
145;2776;30.0;отказ во въезде;;Молдова;Стамбул;;;;;28.09.2022 10:09;2022-09-28
146;2784;26.0;отказ от военкомата;980669П, слесарь паросиловых и котельных установок;Казахстан;Озинки;2015-2016;;;;27.09.2022 22:00;2022-09-27
147;2787;27.0;отказ от военкомата;служил;Турция;Внуково;;;А1;;28.09.2022 10:41;2022-09-28
148;2797;26.0;отказ от военкомата;служил, контрактник, офицер,  инженер-техник;Узбекистан;Домодедово;;;А;1.0;28.09.2022 11:12;2022-09-28
149;2802;37.0;;офицер запаса, ВМФ;Казахстан;Петухово;;Ленинградская область;Б1;;28.09.2022 11:20;2022-09-28
150;2808;26.0;отказ от военкомата;ВМФ;Турция;Шереметьево;;Архангельская область;;;28.09.2022 2:00;2022-09-28
151;2815;26.0;отказ от военкомата;военная кафедра;Узбекистан;Шереметьево;;;;;27.09.2022 19:15;2022-09-27
152;2819;NULL;;связист сержант;Таджикистан;Домодедово;2013-2014;;А;;28.09.2022 11:41;2022-09-28
153;2831;37.0;;военная кафедра;Финляндия;Торфяновка;;;А;;28.09.2022 12:30;2022-09-28
154;2831;28.0;;военная кафедра;Казахстан;Петухово;;;А;;26.09.2022 12:30;2022-09-26
155;2835;25.0;испорченный паспорт;;Казахстан;Аксарайский;2017-2018;;А;;28.09.2022 12:40;2022-09-28
156;2846;38.0;отказ от военкомата;военная кафедра;Грузия;Верхний Ларс;;Санкт-Петербург;;;27.09.2022 13:33;2022-09-27
157;2847;31.0;;служил;Узбекистан;Внуково;;;;;28.09.2022 13:34;2022-09-28
158;2854;38.0;;100, ВМФ, офицер;Казахстан;Петухово;;Санкт-Петербург;Б;;28.09.2022 5:30;2022-09-28
159;2860;27.0;отказ от военкомата;танкист, сержант, контрактник;Казахстан;Вишнёвка;;Нижний Новгород;;;28.09.2022 13:52;2022-09-28
160;2866;27.0;отказ от военкомата;помощник делопроизводителя;Грузия;Верхний Ларс;;;Б;;28.09.2022 13:58;2022-09-28
161;2875;NULL;отказ от военкомата;124182;;Внуково;;;;;27.09.2022 14:12;2022-09-27
162;2890;21.0;;стрелок;Казахстан;;2020-2021;;;;28.09.2022 14:31;2022-09-28
163;2896;NULL;отказ от военкомата;служил;Египет;Внуково;;Москва;А1;;28.09.2022 14:37;2022-09-28
164;2902;24.0;;;Грузия;Верхний Ларс;;;А;;28.09.2022 14:46;2022-09-28
165;2908;NULL;отказ от военкомата;военная кафедра;Грузия;Верхний Ларс;;;;;25.09.2022 14:50;2022-09-25
166;2908;NULL;;служил;Грузия;Верхний Ларс;;;;;25.09.2022 14:50;2022-09-25
167;2941;27.0;отказ от военкомата;425640А радиотелеграфист;Казахстан;Маштаково;;;Б3;;28.09.2022 15:49;2022-09-28
168;2943;28.0;отказ от военкомата;;ОАЭ;Домодедово;;;;1.0;28.09.2022 15:57;2022-09-28
169;2949;30.0;отказ от военкомата;оркестр;;Внуково;;;1;;28.09.2022 16:07;2022-09-28
170;2949;30.0;отказ от военкомата;не служил;;Внуково;;;;;28.09.2022 16:07;2022-09-28
171;2952;32.0;;стрелок, сержант;Армения;Шереметьево;;;;;28.09.2022 16:13;2022-09-28
172;2959;41.0;долг;не служил;Турция;Пулково;;;;;28.09.2022 16:33;2022-09-28
173;2966;27.0;отказ от военкомата;886040, вожатый собак;;Домодедово;;;;;27.09.2022 16:37;2022-09-27
174;2970;22.0;отказ от военкомата;не служил, приписное;Грузия;Верхний Ларс;;;;;28.09.2022 16:41;2022-09-28
175;2982;26.0;отказ от военкомата;;Казахстан;Орск;;;;;28.09.2022 17:09;2022-09-28
176;2984;30.0;отказ от военкомата;пулемётчик;Казахстан;Петухово;;;А1;;28.09.2022 17:16;2022-09-28
177;3000;NULL;отказ в выезде иностранным государством;;Германия;Стамбул;;;;;28.09.2022 18:15;2022-09-28
178;3017;28.0;отказ от военкомата;904137А;Киргизия;Жуковский;;;А;;27.09.2022 23:10;2022-09-27
179;3021;NULL;;стрелок;ОАЭ;Уфа;;;1;;28.09.2022 19:53;2022-09-28
180;3033;23.0;отказ от военкомата;военная кафедра;Таджикистан;Домодедово;;Москва;Б;;28.09.2022 20:45;2022-09-28
181;3040;28.0;отказ от военкомата;старший стрелок;Таджикистан;Новосибирск;;;А2;;28.09.2022 21:02;2022-09-28
182;3043;30.0;отказ от военкомата;военная кафедра;Казахстан;Новосибирск;;;;1.0;28.09.2022 21:10;2022-09-28
183;3057;26.0;отказ от военкомата;артиллерия, военная кафедра;Турция;Домодедово;;;;;27.09.2022 23:17;2022-09-27
184;3063;NULL;отказ в выезде иностранным государством;;Германия;Стамбул;;;;;28.09.2022 22:42;2022-09-28
185;3071;25.0;отказ от военкомата;;Казахстан;Маштаково;;;А1;;27.09.2022 23:20;2022-09-27
186;3078;NULL;отказ от военкомата;;Казахстан;Маштаково;;Ярославская область;;;28.09.2022 23:45;2022-09-28
187;3078;NULL;отказ от военкомата;;Казахстан;Маштаково;;Ярославская область;;;28.09.2022 23:45;2022-09-28
188;3078;NULL;отказ от военкомата;;Казахстан;Маштаково;;Ярославская область;;;28.09.2022 23:45;2022-09-28
189;3078;NULL;отказ от военкомата;;Казахстан;Маштаково;;Ярославская область;;;28.09.2022 23:45;2022-09-28
190;3078;NULL;отказ от военкомата;;Казахстан;Маштаково;;Ярославская область;;;28.09.2022 23:45;2022-09-28
191;3078;NULL;отказ от военкомата;;Казахстан;Маштаково;;Астраханская область;;;28.09.2022 23:45;2022-09-28
192;3079;31.0;отказ от военкомата;ПВО, военная кафедра, офицер;Киргизия;Красноярск;;Ленинградская область;;;28.09.2022 23:47;2022-09-28
193;3081;39.0;отказ во въезде;;Молдова;Ереван;;;;;28.09.2022 23:52;2022-09-28
194;3098;22.0;отказ от военкомата;служил;Армения;Внуково;;;А;;29.09.2022 9:07;2022-09-29
195;3102;29.0;отказ от военкомата;служил;Армения;Сочи;;Республика Карелия;;1.0;28.09.2022 9:15;2022-09-28
196;3116;34.0;отказ от военкомата;;;;;;В;;29.09.2022 9:34;2022-09-29
197;3116;34.0;долг;;;;;;В;;26.09.2022 9:34;2022-09-26
198;3116;34.0;долг;;;;;;В;;27.09.2022 9:34;2022-09-27
199;3118;21.0;;;Грузия;Верхний Ларс;;;В;;29.09.2022 9:37;2022-09-29
200;3118;21.0;;;Грузия;Верхний Ларс;;;В;;29.09.2022 9:37;2022-09-29
201;3124;50.0;отказ от военкомата;служил;Финляндия;Брусничное;;;;;29.09.2022 10:26;2022-09-29
202;3124;33.0;отказ от военкомата;служил;Финляндия;Брусничное;;;;;29.09.2022 10:26;2022-09-29
203;3125;33.0;отказ от военкомата;связист;Казахстан;Сагарчин;;;А1;;29.09.2022 10:28;2022-09-29
204;3129;30.0;;121300, связист, военная кафедра;Турция;Внуково;;;;1.0;29.09.2022 10:36;2022-09-29
205;3130;29.0;отказ от военкомата;;Казахстан;Орск;;;;;29.09.2022 5:30;2022-09-29
206;3134;36.0;отказ от военкомата;не служил;Грузия;Верхний Ларс;;;Б;;25.09.2022 10:57;2022-09-25
207;3144;NULL;отказ от военкомата;;Финляндия;;;;Б;;29.09.2022 0:30;2022-09-29
208;3145;33.0;отказ от военкомата;артиллерия, военная кафедра, офицер;Армения;Шереметьево;;;;13.0;29.09.2022 6:00;2022-09-29
209;3159;27.0;отказ от военкомата;не служил;Грузия;Верхний Ларс;;;В;;29.09.2022 12:10;2022-09-29
210;3159;NULL;отказ от военкомата;служил;;Внуково;;;;;29.09.2022 12:10;2022-09-29
211;3159;NULL;отказ от военкомата;служил;;Внуково;;;;;29.09.2022 12:10;2022-09-29
212;3159;NULL;отказ от военкомата;служил;;Внуково;;;;;29.09.2022 12:10;2022-09-29
213;3159;NULL;отказ от военкомата;служил;;Внуково;;;;;29.09.2022 12:10;2022-09-29
214;3159;NULL;отказ от военкомата;служил;;Внуково;;;;;29.09.2022 12:10;2022-09-29
215;3160;24.0;отказ от военкомата;097000, военная кафедра;Казахстан;;;Всеволожск, Ленинградская область;;;28.09.2022 12:15;2022-09-28
216;3164;NULL;;;;Внуково;;;;;29.09.2022 12:25;2022-09-29
217;3165;29.0;отказ от военкомата;служил;Казахстан;Караозек;;;А;;28.09.2022 12:30;2022-09-29
218;3165;27.0;отказ от военкомата;служил;Казахстан;Караозек;;;А;;28.09.2022 12:30;2022-09-28
219;3165;NULL;отказ от военкомата;;Казахстан;Караозек;;;В;;28.09.2022 12:30;2022-09-28
220;3165;NULL;отказ от военкомата;;Казахстан;Караозек;;;В;;28.09.2022 12:30;2022-09-28
221;3168;30.0;долг;старший оператор СОУ, рядовой;Киргизия;Сочи;;;;;21.09.2022 12:37;2022-09-21
222;3170;23.0;отказ от военкомата;военная кафедра;Грузия;;;Ульяновск, Ульяновская область;А1;;27.09.2022 21:00;2022-09-27
223;3171;NULL;отказ от военкомата;;Швеция;;;;;;28.09.2022 23:45;2022-09-28
224;3173;24.0;отказ от военкомата;служил;Казахстан;Казанское;;;А1;;29.09.2022 2:00;2022-09-29
225;3175;NULL;отказ от военкомата;;Турция;Казань;;Кыштым, Челябинская область;В;;29.09.2022 12:55;2022-09-29
226;3185;23.0;отказ от военкомата;549543А, оператор коротковолновой связи;Киргизия;Домодедово;2019-2020;;;1.0;29.09.2022 13:05;2022-09-29
227;3192;NULL;отказ от военкомата;старший телефонист;Армения;Шереметьево;;;Б;;29.09.2022 13:17;2022-09-29
228;3194;37.0;отказ от военкомата;170202, военная кафедра;Турция;Шереметьево;;Санкт-Петербург;;;29.09.2022 13:17;2022-09-29
229;3196;NULL;;;Таджикистан;Жуковский;;;;;28.09.2022 13:22;2022-09-28
230;3201;29.0;отказ от военкомата;рота почётного караула;Казахстан;Орск;;Архангельская область;А1;;28.09.2022 13:32;2022-09-28
231;3207;30.0;отказ от военкомата;связист;Таджикистан;Минеральные Воды;;Смоленск, Смоленская область;;1.0;29.09.2022 13:39;2022-09-29
232;3207;33.0;отказ от военкомата;вдв;Таджикистан;Минеральные Воды;;Смоленск, Смоленская область;;1.0;29.09.2022 13:39;2022-09-29
233;3226;33.0;долг;не служил;Казахстан;;;;В;2.0;29.09.2022 14:17;2022-09-29
234;3226;25.0;отказ во въезде;служил;Казахстан;;2017-2018;;А1;2.0;29.09.2022 14:17;2022-09-29
235;3246;24.0;отказ от военкомата;;Казахстан;;;;;;29.09.2022 15:37;2022-09-29
236;3265;32.0;отказ от военкомата;191, химик;Азербайджан;Самара;;Пензенская область;;;29.09.2022 16:10;2022-09-29
237;3267;NULL;отказ от военкомата;заместитель командира взвода, стрелок;Армения;Сочи;;;;;29.09.2022 3:17;2022-09-29
238;3276;NULL;отказ от военкомата;;Турция;Внуково;;Волгоградская область;;;28.09.2022 16:31;2022-09-28
239;3278;38.0;;артиллерия, военная кафедра, офицер;Монголия;Кяхта;;;;;28.09.2022 16:33;2022-09-28
240;3280;25.0;отказ от военкомата;служил;Турция;Пулково;;Республика Карелия;Б3;;29.09.2022 16:35;2022-09-29
241;3294;24.0;отказ от военкомата;170182, командир отделения мостостроительных средств, военная кафедра;Узбекистан;Домодедово;;;;2.0;29.09.2022 17:00;2022-09-29
242;3297;27.0;отказ от военкомата;пулемётчик;Грузия;Верхний Ларс;;;А1;;29.09.2022 17:55;2022-09-29
243;3303;33.0;отказ от военкомата;снайпер, сержант;Казахстан;Комсомольское;;;А;;29.09.2022 18:06;2022-09-29
244;3303;51.0;отказ от военкомата;помощник военного коменданта аэродрома, не служил;Финляндия;Торфяновка;;Санкт-Петербург;;;29.09.2022 18:06;2022-09-29
245;3313;34.0;отказ от военкомата;эксплуатация и ремонт автомобильной техники, военная кафедра, офицер;Казахстан;Озинки;;;А;1.0;28.09.2022 19:17;2022-09-28
246;3317;25.0;;служил;;Домодедово;;;;;29.09.2022 19:31;2022-09-29
247;3318;NULL;отказ во въезде;;Казахстан;Петухово;;;;;29.09.2022 19:32;2022-09-29
248;3321;23.0;отказ от военкомата;;Казахстан;Бугристое;;;;;29.09.2022 20:52;2022-09-29
249;3324;28.0;отказ от военкомата;служил;Казахстан;Мариинский;2013-2014;;А;;29.09.2022 21:02;2022-09-29
250;3324;24.0;отказ от военкомата;служил;Казахстан;Мариинский;2021-2022;;В;;29.09.2022 21:02;2022-09-29
251;3329;33.0;отказ от военкомата;военная кафедра;Таджикистан;Пулково;;Ленинградская область;;;28.09.2022 21:13;2022-09-28
252;3333;26.0;отказ от военкомата;907, младший сержант;Казахстан;Озинки;2015-2016;;А1;;29.09.2022 21:49;2022-09-29
253;3337;28.0;отказ от военкомата;фельдшер\врач;Киргизия;Самара;;;;;29.09.2022 22:10;2022-09-29
254;3340;26.0;отказ от военкомата;стрелок, рядовой;Таджикистан;Пулково;2014-2015;Санкт-Петербург;А1;;29.09.2022 22:25;2022-09-29
255;3343;32.0;отказ от военкомата;разведчик;Турция;Домодедово;;;А;;29.09.2022 22:40;2022-09-29
256;3350;30.0;отказ от военкомата;радиотелеграфист, ВМФ;Узбекистан;Внуково;;;А1;;29.09.2022 23:15;2022-09-29
257;3355;26.0;отказ от военкомата;инженер, офицер;;Шереметьево;;;;;29.09.2022 23:40;2022-09-29
258;3369;30.0;отказ от военкомата;командир отделения стрелков;Азербайджан;Домодедово;2012-2013;;;;29.09.2022 8:21;2022-09-29
259;3370;29.0;отказ от военкомата;стрелок;Казахстан;Исилькуль;;;;;29.09.2022 8:22;2022-09-29
260;3372;27.0;отказ от военкомата;связист;Финляндия;Брусничное;;;;;29.09.2022 8:31;2022-09-29
261;3372;30.0;отказ от военкомата;военная кафедра;Киргизия;Домодедово;;;;;29.09.2022 23:20;2022-09-29
262;3376;NULL;отказ от военкомата;военная кафедра;Турция;Шереметьево;;;А;;30.09.2022 8:46;2022-09-30
263;3377;50.0;отказ во въезде;не служил;Финляндия;Светогорск;;Санкт-Петербург;А1;;30.09.2022 8:49;2022-09-30
264;3379;39.0;отказ от военкомата;мотострелок;Финляндия;Светогорск;;;;;29.09.2022 8:56;2022-09-29
265;3387;26.0;отказ от военкомата;901, помощник начальника отделения делопроизводства;Турция;Омск;;;Б3;;30.09.2022 9:29;2022-09-30
266;3403;23.0;отказ от военкомата;служил;Казахстан;Исилькуль;;Ярославская область;;;30.09.2022 10:45;2022-09-30
267;3406;33.0;отказ от военкомата;водитель;Турция;Внуково;;;Б;;30.09.2022 10:50;2022-09-30
268;3451;33.0;отказ от военкомата;служил;Турция;Домодедово;;;;;30.09.2022 13:30;2022-09-30
269;3459;33.0;отказ от военкомата;служил;Армения;Сочи;;;А;;30.09.2022 13:55;2022-09-30
270;3471;NULL;отказ от военкомата;вдв;Турция;Пулково;;;А;;30.09.2022 15:00;2022-09-30
271;3476;25.0;отказ от военкомата;постройка наплавного железнодорожного моста;Грузия;Верхний Ларс;;;;;28.09.2022 15:17;2022-09-28
272;3482;27.0;отказ от военкомата;служил;Казахстан;Бугристое;;;;1.0;30.09.2022 15:36;2022-09-30
273;3483;23.0;отказ от военкомата;служил, сержант;Турция;Внуково;;;А;;30.09.2022 13:00;2022-09-30
274;3483;30.0;отказ от военкомата;служил, сержант;Казахстан;Маштаково;;;;1.0;29.09.2022 21:00;2022-09-29
275;3483;32.0;ограничение от ФССП;служил, сержант;Казахстан;Маштаково;;;;1.0;29.09.2022 21:00;2022-09-29
276;3486;25.0;отказ от военкомата;ПВО, военная кафедра, офицер;Китай;Шереметьево;;;;;29.09.2022 15:57;2022-09-29
277;3490;NULL;отказ от военкомата;;Турция;Шереметьево;;;;;29.09.2022 22:00;2022-09-29
278;3493;27.0;отказ от военкомата;стрелок;Казахстан;Бугристое;;;;;30.09.2022 17:05;2022-09-30
279;3494;27.0;отказ от военкомата;водитель;Азербайджан;Домодедово;2015-2016;;Б;;29.09.2022 17:10;2022-09-29
280;3494;24.0;отказ от военкомата;не служил;Турция;Пулково;;Санкт-Петербург;В;;30.09.2022 17:10;2022-09-30
281;3496;25.0;отказ от военкомата;ракетные войска;Казахстан;Мариинский;;;А1;;30.09.2022 17:25;2022-09-30
282;3497;33.0;отказ от военкомата;436543Р;Казахстан;Маштаково;;Санкт-Петербург;А1;;30.09.2022 17:33;2022-09-30
283;3503;37.0;отказ от военкомата;310101, офицер;Турция;Шереметьево;;;;1.0;30.09.2022 19:06;2022-09-30
284;3508;30.0;;служил;Армения;Домодедово;;;А1;;30.09.2022 19:54;2022-09-30
285;3520;31.0;отказ от военкомата;служил;Киргизия;;;;А2;;30.09.2022 21:15;2022-09-30
286;3541;26.0;отказ от военкомата;связист;Узбекистан;Пулково;;;А;;30.09.2022 23:42;2022-09-30
287;3542;35.0;отказ от военкомата;авиатехник;Турция;Пулково;;;Б3;;30.09.2022 11:45;2022-09-30
288;3551;29.0;отказ от военкомата;оператор радио-перехвата;Узбекистан;Пулково;2011-2012;;;;30.09.2022 9:28;2022-09-30
289;3566;29.0;;служил;Армения;Сочи;;;;;01.10.2022 11:20;2022-10-01
290;3570;29.0;отказ от военкомата;182, командир отделения стрелков;Армения;Сургут;;Москва;;1.0;01.10.2022 11:32;2022-10-01
291;3571;25.0;отказ от военкомата;офицер запаса;Казахстан;Петухово;;Всеволожск, Ленинградская область;В;;01.10.2022 11:35;2022-10-01
292;3583;28.0;отказ от военкомата;водитель C/D, спецназ ГРУ, сержант;Казахстан;Аксарайский;;Москва;;;01.10.2022 12:02;2022-10-01
293;3586;29.0;;не служил;Беларусь;;;Санкт-Петербург;В;;30.09.2022 23:55;2022-09-30
294;3590;30.0;отказ от военкомата;служил;Казахстан;Маштаково;;;;;30.09.2022 12:22;2022-09-30
295;3596;27.0;отказ от военкомата;167, мобилизационное предписание;;Внуково;;;;;30.09.2022 12:35;2022-09-30
296;3600;32.0;отказ во въезде;служил;Чехия;Дубай;;;А1;;01.10.2022 13:50;2022-10-01
297;3600;NULL;отказ во въезде;;Чехия;Дубай;;;;;01.10.2022 13:50;2022-10-01
298;3600;NULL;отказ во въезде;;Чехия;Дубай;;;;;01.10.2022 13:50;2022-10-01
299;3600;NULL;отказ во въезде;;Чехия;Дубай;;;;;01.10.2022 13:50;2022-10-01
300;3600;NULL;отказ во въезде;;Чехия;Дубай;;;;;01.10.2022 13:50;2022-10-01
301;3600;NULL;отказ во въезде;;Чехия;Дубай;;;;;01.10.2022 13:50;2022-10-01
302;3603;31.0;отказ от военкомата;служил;Казахстан;Шереметьево;;;;;01.10.2022 13:52;2022-10-01
303;3607;22.0;отказ от военкомата;служил;Казахстан;Петухово;;;А1;;01.10.2022 13:56;2022-10-01
304;3609;30.0;отказ от военкомата;служил;Казахстан;Петухово;;;;;01.10.2022 14:59;2022-10-01
305;3609;30.0;отказ от военкомата;служил;Армения;Тюмень;;;;;25.09.2022 14:59;2022-10-01
306;3615;27.0;отказ от военкомата;служил;Казахстан;Илек;;;В;;29.09.2022 15:21;2022-09-29
307;3620;31.0;отказ от военкомата;666995А;Армения;Пулково;2012-2013;;Б;;01.10.2022 15:36;2022-10-01
308;3621;27.0;отказ от военкомата;стрелок;Узбекистан;Домодедово;;;А1;;30.09.2022 15:46;2022-09-30
309;3630;32.0;отказ от военкомата;стрелок, сержант;Армения;Сочи;;;;;01.10.2022 16:51;2022-10-01
310;3641;48.0;отказ от военкомата;офицер запаса;Узбекистан;Шереметьево;;;;;01.10.2022 20:40;2022-10-01
311;3644;27.0;отказ от военкомата;служил;Армения;Внуково;;;А1;;01.10.2022 21:10;2022-10-01
312;3646;32.0;отказ от военкомата;837;ОАЭ;Домодедово;2014-2015;Белгород;;1.0;01.10.2022 21:31;2022-10-01
313;3646;NULL;отказ от военкомата;служил;;Домодедово;;;;;01.10.2022 21:31;2022-10-01
314;3646;NULL;отказ от военкомата;служил;;Домодедово;;;;;01.10.2022 21:31;2022-10-01
315;3646;NULL;отказ от военкомата;служил;;Домодедово;;;;;01.10.2022 21:31;2022-10-01
316;3646;NULL;отказ от военкомата;не служил;;Домодедово;;;;;01.10.2022 21:31;2022-10-01
317;3652;32.0;отказ от военкомата;не служил;Египет;Внуково;;Костромская область;В;;01.10.2022 22:20;2022-10-01
318;3655;31.0;отказ от военкомата;стрелок, ВВ, мобилизационное предписание - спасатель;Казахстан;;2011-2012;Петрозаводск, Карелия;;;01.10.2022 22:35;2022-10-01
319;3657;27.0;отказ от военкомата;служил;Казахстан;Петухово;;;Б4;;01.10.2022 22:45;2022-10-01
320;3665;NULL;;военная кафедра;Армения;Махачкала;;;;;01.10.2022 23:25;2022-10-01
321;3667;29.0;отказ от военкомата;связист;Узбекистан;Внуково;;;Б4;;01.10.2022 23:37;2022-10-01
322;3668;30.0;;вдв;Армения;Домодедово;;;;;01.10.2022 23:40;2022-10-01
323;3676;24.0;отказ от военкомата;600;Казахстан;Внуково;;;А3;;02.10.2022 8:01;2022-10-02
324;3677;34.0;отказ от военкомата;461, спецсвязь;Турция;Сочи;2006-2008;;;;01.10.2022 8:06;2022-10-01
325;3679;41.0;отказ от военкомата;не служил, слесарь-ремонтник;Турция;Шереметьево;;Костромская область;В;2.0;01.10.2022 20:21;2022-10-01
326;3680;29.0;отказ от военкомата;стрелок;Казахстан;;;Ярославская область;;;30.09.2022 8:26;2022-09-30
327;3682;39.0;;военная кафедра, офицер, вус финансово-экономическая;;Шереметьево;;;;1.0;02.10.2022 8:36;2022-10-02
328;3682;29.0;отказ от военкомата;не служил;Киргизия;Шереметьево;;;В;;02.10.2022 8:36;2022-10-02
329;3684;32.0;отказ от военкомата;не служил;Казахстан;Екатеринбург;;Костромская область;;;02.10.2022 8:51;2022-10-02
330;3685;NULL;отказ от военкомата;механик специальной радиосвязи;Киргизия;Кольцово;;Кемеровская область;А1;;02.10.2022 8:56;2022-10-02
331;3685;23.0;отказ от военкомата;пильщик;Киргизия;Кольцово;;;А4;1.0;02.10.2022 8:56;2022-10-02
332;3689;48.0;отказ от военкомата;служил, офицер в запаса;Узбекистан;Шереметьево;;;;;02.10.2022 9:21;2022-10-02
333;3693;24.0;отказ от военкомата;;Казахстан;Орск;;Чита, Забайкальский край;В;;02.10.2022 9:41;2022-10-02
334;3698;NULL;отказ от военкомата;артиллерия, военная кафедра;;Домодедово;;;;;02.10.2022 10:31;2022-10-02
335;3699;33.0;отказ от военкомата;стрелок, электрик-водитель;Киргизия;Шереметьево;;;А1;;02.10.2022 10:36;2022-10-02
336;3701;30.0;;служил;Киргизия;Домодедово;;;А1;;02.10.2022 10:41;2022-10-02
337;3701;26.0;;не служил;Киргизия;Домодедово;;;В3;;02.10.2022 10:41;2022-10-02
338;3714;28.0;отказ от военкомата;оператор ЭВМ;Египет;Шереметьево;;;А;;02.10.2022 11:45;2022-10-02
339;3721;26.0;;РХБЗ;Армения;Домодедово;;;Б;;02.10.2022 12:25;2022-10-02
340;3721;29.0;отказ от военкомата;водитель-механик, электрик;Казахстан;Бугристое;;;;;02.10.2022 12:25;2022-10-02
341;3722;34.0;отказ от военкомата;служил;Узбекистан;Домодедово;;;А;;02.10.2022 12:30;2022-10-02
342;3726;35.0;отказ от военкомата;стрелок;Киргизия;Домодедово;;Санкт-Петербург;А1;;30.09.2022 12:45;2022-09-30
343;3727;33.0;отказ от военкомата;508, ВМФ;Иран;Шереметьево;2011-2012;;;;02.10.2022 12:45;2022-10-02
344;3729;NULL;отказ от военкомата;999, не служил;Армения;Домодедово;;Санкт-Петербург;В;;02.10.2022 12:55;2022-10-02
345;3732;24.0;отказ от военкомата;107;Армения;Домодедово;;;;;01.10.2022 13:10;2022-10-01
346;3733;NULL;отказ от военкомата;;;Орск;;;А1;;30.09.2022 13:15;2022-09-30
347;3737;40.0;;военная кафедра;ОАЭ;Внуково;;;;;02.10.2022 13:45;2022-10-02
348;3739;32.0;отказ от военкомата;дизелист-электрик, РВСН;Казахстан;Петухово;;Архангельская область;Б;;02.10.2022 13:55;2022-10-02
349;3741;34.0;отказ от военкомата;служил;Турция;Пулково;;;;;02.10.2022 15:10;2022-10-02
350;3741;42.0;отказ во въезде;не служил;Литва;;;;В;;02.10.2022 15:10;2022-10-02
351;3748;45.0;;военная кафедра;;Внуково;;Всеволожск, Ленинградская область;;;02.10.2022 15:56;2022-10-02
352;3757;31.0;отказ от военкомата;063400, контрактник, офицер запаса;Беларусь;Новозыбков;;;;А;30.09.2022 16:50;2022-09-30
353;3759;NULL;;100;;Шереметьево;;;А;;01.10.2022 12:30;2022-10-01
354;3766;29.0;отказ от военкомата;не служил, оператор ЭВМ;Турция;Домодедово;;Санкт-Петербург;В;;02.10.2022 18:30;2022-10-02
355;3766;34.0;;стрелок;Киргизия;Шереметьево;;;;;02.10.2022 18:30;2022-10-02
356;3774;28.0;;оператор ЭВМ;Армения;Шереметьево;;;А;;02.10.2022 20:15;2022-10-02
357;3776;25.0;отказ от военкомата;;;Внуково;;;В;;24.09.2022 20:35;2022-09-24
358;3782;35.0;ограничение от ФССП;не служил;Казахстан;Бугристое;;;;;02.10.2022 21:40;2022-10-02
359;3783;26.0;отказ от военкомата;стрелок;Киргизия;Домодедово;;;А1;;02.10.2022 21:45;2022-10-02
360;3789;NULL;;писарь-делопроизводитель;Турция;Пулково;;;;;02.10.2022 23:38;2022-10-02
361;3794;27.0;отказ от военкомата;100182А;Турция;Шереметьево;2016-2017;;А;;02.10.2022 23:50;2022-10-02
362;3805;32.0;отказ от военкомата;140;Армения;Домодедово;;Владимирская область;Б3;;02.10.2022 22:30;2022-10-02
363;3807;26.0;отказ от военкомата;военная кафедра;Казахстан;Внуково;;Всеволожск, Ленинградская область;;;03.10.2022 9:45;2022-10-03
364;3808;28.0;отказ от военкомата;служил, контрактник, сержант;Казахстан;Внуково;;;Б3;;03.10.2022 10:01;2022-10-03
365;3812;28.0;отказ от военкомата;ПВО;Узбекистан;;;;Г;;02.10.2022 10:40;2022-10-02
366;3812;30.0;отказ от военкомата;ВМФ;Узбекистан;;;;;;02.10.2022 10:40;2022-10-02
367;3814;27.0;;;Грузия;Верхний Ларс;;;;;02.10.2022 10:59;2022-10-02
368;3819;27.0;отказ от военкомата;матрос;Казахстан;Караозек;;;А1;;03.10.2022 12:10;2022-10-03
369;3821;NULL;отказ от военкомата;военная кафедра;Казахстан;Кольцово;;;;;03.10.2022 12:25;2022-10-03
370;3831;31.0;отказ от военкомата;132;Казахстан;Петухово;;;А1;;03.10.2022 13:59;2022-10-03
371;3831;33.0;отказ от военкомата;478;Казахстан;Петухово;;;А1;;03.10.2022 13:59;2022-10-03
372;3833;NULL;отказ от военкомата;;Турция;Шереметьево;;;;;02.10.2022 16:00;2022-10-02
373;3835;27.0;отказ от военкомата;водитель;Турция;Внуково;;Петрозаводск, Карелия;;;03.10.2022 16:15;2022-10-03
374;3835;27.0;отказ от военкомата;стрелок;Турция;Внуково;;Петрозаводск, Карелия;;;03.10.2022 16:15;2022-10-03
375;3840;31.0;отказ от военкомата;служил;Турция;Внуково;;Курчатов, Курская область;;;03.10.2022 17:10;2022-10-03
376;3845;26.0;отказ от военкомата;военная кафедра, офицер;Казахстан;Аксарайский;;;;;01.10.2022 17:56;2022-10-01
377;3849;42.0;отказ от военкомата;военная кафедра;;;;Кингисепп, Ленинградская область;;;03.10.2022 18:50;2022-10-03
378;3850;22.0;отказ от военкомата;служил;Турция;Пулково;;;А2;;03.10.2022 19:01;2022-10-03
379;3855;26.0;отказ от военкомата;служил, офицер запаса;Узбекистан;Домодедово;;;;;03.10.2022 19:50;2022-10-03
380;3855;32.0;;ВМФ, плавсостав;;Новороссийск;;;;;03.10.2022 19:50;2022-10-03
381;3857;35.0;отказ от военкомата;военная кафедра, офицер;Армения;;;;;;03.10.2022 20:05;2022-10-03
382;3859;42.0;отказ от военкомата;штурман надводных кораблей, военная кафедра;Турция;Пулково;;Ленинградская область;А1;;03.10.2022 20:15;2022-10-03
383;3870;29.0;;999, не служил;Армения;Шереметьево;;;;;03.10.2022 21:31;2022-10-03
384;3884;36.0;отказ от военкомата;военная кафедра, офицер;Турция;Пулково;;;;;04.10.2022 8:15;2022-10-04
385;3887;NULL;отказ во въезде;;Молдова;;;;;;04.10.2022 8:45;2022-10-04
386;3889;30.0;отказ от военкомата;220;;;;Ивановская область;А;;03.10.2022 9:10;2022-10-03
387;3892;26.0;отказ от военкомата;служил;;Пулково;;;;;04.10.2022 9:40;2022-10-04
388;3894;30.0;отказ от военкомата;авиационный механик;Турция;Домодедово;;;;;04.10.2022 10:05;2022-10-04
389;3898;23.0;отказ от военкомата;водитель БТР;Казахстан;;;;Б3;;04.10.2022 10:45;2022-10-04
390;3921;23.0;отказ от военкомата;140533А;Узбекистан;Внуково;;;А2;;04.10.2022 15:01;2022-10-04
391;3924;30.0;отказ от военкомата;441, военная кафедра;Турция;Внуково;;;А;1;04.10.2022 15:40;2022-10-04
392;3928;37.0;;военная кафедра;Турция;Внуково;;;А;;04.10.2022 16:15;2022-10-04
393;3929;26.0;отказ от военкомата;служил;Турция;Внуково;;Ростовская область;;;03.10.2022 16:30;2022-10-03
394;3936;27.0;;не служил;Казахстан;Тюмень;;Санкт-Петербург;;;04.10.2022 18:10;2022-10-04
395;3942;35.0;;Контролер КПП;Турция;Пулково;;;;2;04.10.2022 20:15;2022-10-04
396;3951;25.0;;военная кафедра, офицер;Турция;;;;1;;04.10.2022 22:25;2022-10-04
397;3952;NULL;отказ в выезде иностранным государством;;Польша;Граница Беларусь-Польша;;;;;04.10.2022 22:35;2022-10-04
398;3954;29.0;отказ от военкомата;служил;Турция;Внуково;;;;;04.10.2022 22:55;2022-10-04
399;3955;NULL;отказ во въезде;;Молдова;;;;;;04.10.2022 23:05;2022-10-04
400;3961;NULL;отказ от военкомата;101, сержант;Казахстан;;;;В3;;05.10.2022 8:10;2022-10-05
401;3971;NULL;отказ от военкомата;;Армения;Ереван;;;А;;05.10.2022 9:15;2022-10-05
402;3972;32.0;;стрелок;;Домодедово;;;Б4;;05.10.2022 9:30;2022-10-05
403;3978;39.0;отказ от военкомата;ПВО, военная кафедра;Турция;Домодедово;;;;;05.10.2022 10:30;2022-10-05
404;3980;23.0;отказ от военкомата;служил;Турция;Шереметьево;;Владимирская область;;;02.10.2022 10:45;2022-10-02
405;3987;35.0;отказ от военкомата;;Казахстан;Озинки;;;;;05.10.2022 12:20;2022-10-05
406;3988;25.0;отказ от военкомата;старший разведчик;;;;;;;05.10.2022 12:43;2022-10-05
407;3989;40.0;ограничение от ФССП;не служил;Беларусь;Красный Камень;;;;;04.10.2022 13:36;2022-10-04
408;3989;30.0;отказ от военкомата;021000, военная кафедра;Казахстан;Пулково;;Санкт-Петербург;;;04.10.2022 13:36;2022-10-04
409;3990;NULL;отказ от военкомата;600945А;Беларусь;Шереметьево;;;;1;05.10.2022 13:45;2022-10-05
410;3994;37.0;отказ от военкомата;военная кафедра, офицер, ремонт и эксплуатация автомобильной техники;Египет;Внуково;;Ленинградская область;Б1;;05.10.2022 14:38;2022-10-05
411;4006;43.0;отказ от военкомата;артиллерия, военная кафедра, офицер;Финляндия;Торфяновка;;;А;;05.10.2022 20:45;2022-10-05
412;4007;25.0;;служил;Турция;Внуково;;;А1;;05.10.2022 20:55;2022-10-05
413;4009;NULL;отказ от военкомата;служил;Азербайджан;Внуково;;;;;05.10.2022 21:15;2022-10-05
414;4009;NULL;отказ от военкомата;служил;Азербайджан;Внуково;;;;;05.10.2022 21:15;2022-10-05
415;4009;27.0;отказ от военкомата;служил;Грузия (Абхазия);Адлер;2015-2016;;;;29.09.2022 21:15;2022-09-29
416;4010;25.0;отказ от военкомата;вдв;Казахстан;;;Тюменская область;А1;;29.09.2022 21:25;2022-09-29
417;4011;29.0;отказ от военкомата;водитель-механик;Армения;Внуково;;;;1;05.10.2022 21:58;2022-10-05
418;4016;27.0;отказ от военкомата;связист, военная кафедра;Азербайджан;Шереметьево;;Всеволожск, Ленинградская область;А;;05.10.2022 23:22;2022-10-05
419;4022;24.0;отказ от военкомата;служил, танковые войска;Турция;Шереметьево;;;А1;;05.10.2022 8:10;2022-10-05
420;4031;29.0;отказ от военкомата;военная кафедра;Казахстан;Внуково;;Ленинградская область;А1;;06.10.2022 10:30;2022-10-06
421;4036;28.0;отказ от военкомата;101;Казахстан;;;;;;04.10.2022 11:45;2022-10-04
422;4036;28.0;отказ от военкомата;101;Казахстан;;;;;;04.10.2022 11:45;2022-10-04
423;4036;28.0;отказ от военкомата;101;Казахстан;;;;;;03.10.2022 11:45;2022-10-04
424;4040;28.0;отказ от военкомата;600543, оператор ЭВМ;Казахстан;Шереметьево;;;;;06.10.2022 12:45;2022-10-06
425;4042;25.0;;420128;Армения;Шереметьево;;Санкт-Петербург;;1;06.10.2022 13:15;2022-10-06
426;4042;28.0;отказ от военкомата;не служил;Турция;Внуково;;Ярославская область;В;;02.10.2022 13:15;2022-10-02
427;4047;NULL;отказ во въезде;;Молдова;Ереван;;;В;;06.10.2022 14:26;2022-10-06
428;4047;NULL;отказ от военкомата;;Казахстан;Озинки;;Пермская область;В;;05.10.2022 23:26;2022-10-05
429;4051;31.0;отказ от военкомата;405, телеграфист;Турция;Домодедово;2013-2014;Смоленск, Смоленская область;Б3;;06.10.2022 15:45;2022-10-06
430;4052;28.0;;632, научная рота;Катар;Шереметьево;;Воронежская область;А;;06.10.2022 16:00;2022-10-06
431;4052;29.0;;100;Катар;Шереметьево;;Воронежская область;А;;06.10.2022 16:00;2022-10-06
432;4053;28.0;отказ от военкомата;не служил;Казахстан;;;;;;06.10.2022 16:19;2022-10-06
433;4054;NULL;;военная кафедра;Турция;Домодедово;;;;;06.10.2022 16:29;2022-10-06
434;4055;38.0;отказ от военкомата;командир отделения артиллирийской разведки, морская пехота;;;2008-2009;Костромская область;;;06.10.2022 16:48;2022-10-06
435;4066;27.0;отказ от военкомата;100;Киргизия;Жуковский;2017-2018;;А2;;06.10.2022 21:15;2022-10-06
436;4077;30.0;отказ от военкомата;180, старший механик-водитель;Казахстан;Петухово;2011-2012;;;1;06.10.2022 9:21;2022-10-06
437;4079;32.0;;командир танкового взвода, сержант;Казахстан;Пулково;;;А1;;24.09.2022 9:40;2022-09-24
438;4079;32.0;;командир танкового взвода, сержант;Казахстан;Маштаково;;;А1;;26.09.2022 9:40;2022-09-26
439;4079;NULL;отказ от военкомата;837, водитель;Узбекистан;Домодедово;;;Б;;07.10.2022 9:40;2022-10-06
440;4081;27.0;отказ от военкомата;служил;Армения;Внуково;;;;;07.10.2022 10:00;2022-10-07
441;4084;28.0;отказ от военкомата;не служил, оператор ЭВМ;Турция;Сочи;;Санкт-Петербург;;;07.10.2022 10:20;2022-10-07
442;4091;23.0;;артиллерия;Армения;Внуково;;;А4;;07.10.2022 11:20;2022-10-07
443;4092;27.0;отказ от военкомата;713;Турция;Сочи;;;;;07.10.2022 11:30;2022-10-07
444;4095;34.0;отказ от военкомата;служил;Узбекистан;Внуково;;;;;07.10.2022 12:00;2022-10-07
445;4096;22.0;отказ от военкомата;187;Армения;Сочи;;Москва;А1;;07.10.2022 12:10;2022-10-07
446;4097;28.0;отказ от военкомата;служил;Армения;Минеральные Воды;;;;;07.10.2022 12:20;2022-10-07
447;4104;32.0;отказ от военкомата;электрик-дизелист, РВСН;Казахстан;Петухово;;Котлас, Архангельская область;Б;1;07.10.2022 14:01;2022-10-07
448;4105;48.0;отказ от военкомата;артиллерия, военная кафедра;Киргизия;Новосибирск;;;;;07.10.2022 14:10;2022-10-07
449;4106;35.0;отказ от военкомата;045000, военная кафедра;Армения;Внуково;;Саратовская область;;;06.10.2022 14:20;2022-10-06
450;4107;27.0;отказ от военкомата;служил;Казахстан;Жуковский;;Смоленск, Смоленская область;Б;;07.10.2022 14:30;2022-10-07
451;4115;33.0;отказ от военкомата;военная кафедра, переводчик;Турция;Пулково;;Всеволожск, Ленинградская область;;;07.10.2022 16:50;2022-10-07
452;4153;28.0;отказ от военкомата;служил;Грузия;Верхний Ларс;;;;;07.10.2022 23:00;2022-10-07
453;4157;NULL;отказ от военкомата;;Армения;Сочи;;;;;07.10.2022 23:40;2022-10-07
454;4167;NULL;отказ от военкомата;механик-водитель;Турция;Жуковский;;;А;;08.10.2022 11:00;2022-10-08
455;4170;45.0;;ПВО, военная кафедра;Азербайджан;Домодедово;;Всеволожск, Ленинградская область;;;08.10.2022 11:30;2022-10-08
456;4184;NULL;отказ от военкомата;артиллерия;Казахстан;Петухово;;;А1;;08.10.2022 13:50;2022-10-08
457;4211;33.0;отказ от военкомата;132, командир орудия самоходных орудий, ВДВ;Турция;Внуково;2009-2010;;;1;08.10.2022 18:20;2022-10-08
458;4212;25.0;отказ от военкомата;военная кафедра;Турция;Внуково;;Нижегородская область;В;;08.10.2022 3:10;2022-10-08
459;4213;27.0;;ПВО, военная кафедра, офицер;Армения;Домодедово;;Иркутск, Иркутская область;А1;;08.10.2022 8:40;2022-10-08
460;4230;26.0;отказ от военкомата;сапёр;Сербия;;;;Б3;;08.10.2022 20:35;2022-10-08
461;4234;38.0;;военная кафедра, военный метеоролог;Армения;;;;;;07.10.2022 21:05;2022-10-07
462;4235;NULL;отказ от военкомата;служил;Грузия;Верхний Ларс;;Москва;;1;08.10.2022 21:10;2022-10-08
463;4240;42.0;отказ от военкомата;военная кафедра, офицер, вус финансовый;Турция;Внуково;;;;;08.10.2022 21:30;2022-10-08
464;4241;27.0;отказ от военкомата;оператор навигационных гидроакустических систем;Турция;Пулково;;;;1;08.10.2022 21:35;2022-10-08
465;4244;41.0;;военная кафедра, вус морской;Турция;Пулково;;;;;08.10.2022 22:05;2022-10-08
466;4244;24.0;отказ от военкомата;служил;Казахстан;Исилькуль;;;;;08.10.2022 22:05;2022-10-08
467;4244;25.0;отказ от военкомата;служил;Казахстан;Исилькуль;;;;;08.10.2022 22:05;2022-10-08
468;4246;31.0;отказ от военкомата;водитель;Турция;Шереметьево;;;А;;08.10.2022 22:25;2022-10-08
469;4247;27.0;отказ от военкомата;стрелок;ОАЭ;Домодедово;;;А1;;08.10.2022 22:35;2022-10-08
470;4251;32.0;отказ от военкомата;военная кафедра;Турция;Шереметьево;;Балашиха и Реутов, Московская область;;;08.10.2022 23:10;2022-10-08
471;4254;29.0;отказ от военкомата;837, водитель;;Домодедово;2015-2016;Москва;;;08.10.2022 23:25;2022-10-08
472;4258;24.0;отказ от военкомата;стрелок-зенитчик;;;2018-2019;Тюменская область;Б3;;26.09.2022 23:45;2022-09-26
473;4258;24.0;отказ от военкомата;стрелок-зенитчик;Казахстан;Исилькуль;2018-2019;Тюменская область;Б3;;08.10.2022 23:45;2022-10-08
474;4276;NULL;;понтанёр;Азербайджан;Домодедово;2016-2017;;;;09.10.2022 10:40;2022-10-09
475;4278;NULL;отказ от военкомата;военная кафедра;ОАЭ;Домодедово;;Всеволожск, Ленинградская область;Б3;;09.10.2022 11:01;2022-10-09
476;4298;29.0;отказ от военкомата;999, не служил;Турция;Внуково;;Санкт-Петербург;;;09.10.2022 14:20;2022-10-09
477;4304;33.0;отказ от военкомата;военная кафедра, офицер;Грузия;Верхний Ларс;;Всеволожск, Ленинградская область;;;30.09.2022 15:20;2022-09-30
478;4306;44.0;отказ от военкомата;военная кафедра, офицер;Турция;Домодедово;;;А1;;04.10.2022 15:40;2022-10-04
479;4317;22.0;отказ от военкомата;служил;Армения;Сочи;;;;;09.10.2022 17:30;2022-10-09
480;4329;31.0;;стрелок;Казахстан;;;Кемеровская область;Б1;;09.10.2022 19:30;2022-10-09
481;4333;29.0;отказ от военкомата;ПВО, военная кафедра;Турция;Шереметьево;;;А;1;26.09.2022 20:10;2022-09-26
482;4350;27.0;отказ от военкомата;старший наводчик миномета;Турция;Внуково;;;А1;;04.10.2022 21:55;2022-10-04
483;4362;26.0;отказ от военкомата;908070А, дежурный КПП;Турция;Шереметьево;2016-2017;;;;29.09.2022 22:25;2022-09-29
484;4362;26.0;отказ от военкомата;908070А, дежурный КПП;Турция;Домодедово;2016-2017;;;;09.10.2022 22:25;2022-09-29
485;4364;42.0;отказ от военкомата;военная кафедра;Израиль;Пулково;;Санкт-Петербург;1;;09.10.2022 22:30;2022-10-09
486;4375;NULL;отказ во въезде;не служил;Грузия;Стамбул;;;В;;09.10.2022 22:57;2022-10-09
487;4379;28.0;отказ от военкомата;156, командир орудия ЗУ-23-2, росгвардия;Армения;Сочи;2018-2019;;;;09.10.2022 23:07;2022-10-09
488;4390;29.0;отказ от военкомата;600, не служил;Турция;Домодедово;;;В;;05.10.2022 23:40;2022-10-05
489;4403;NULL;отказ от военкомата;;Беларусь;;;;;;10.10.2022 11:10;2022-10-10
490;4415;36.0;;не служил;Египет;Внуково;;;Б;;10.10.2022 13:30;2022-10-10
491;4434;26.0;отказ от военкомата;водитель;Грузия;Верхний Ларс;;;;;10.10.2022 16:40;2022-10-10
492;4452;27.0;отказ от военкомата;служил;Казахстан;Петухово;;;;;30.09.2022 19:40;2022-09-30
493;4452;27.0;отказ от военкомата;служил;Казахстан;Теплое;;;;;05.10.2022 19:40;2022-10-05
494;4454;36.0;отказ от военкомата;служил;Казахстан;Омск;;;;;08.10.2022 19:50;2022-10-08
495;4473;21.0;отказ в выезде из-за секретности;стрелок;Казахстан;;2019-2020;Санкт-Петербург;;;03.10.2022 23:30;2022-10-03
496;4473;35.0;отказ от военкомата;не служил;Грузия;Верхний Ларс;;;В;;02.10.2022 23:30;2022-10-02
497;4473;35.0;отказ от военкомата;не служил;Грузия;Верхний Ларс;;;В;;03.10.2022 23:30;2022-10-03
498;4473;35.0;отказ от военкомата;не служил;;Минеральные Воды;;;В;;04.10.2022 23:30;2022-10-04
499;4475;30.0;отказ от военкомата;служил;Турция;Пулково;;;А1;;05.10.2022 23:50;2022-10-05
500;4484;23.0;;вдв;Азербайджан;Внуково;;;А1;;05.10.2022 11:07;2022-10-05
501;4484;22.0;;ВКС;Азербайджан;Внуково;;;Б3;;05.10.2022 11:07;2022-10-05
502;4506;32.0;;служил;Египет;Шереметьево;;Тутаев, Ярославская область;;;11.10.2022 14:20;2022-10-11
503;4506;33.0;;служил;Египет;Шереметьево;;Тутаев, Ярославская область;;;11.10.2022 14:20;2022-10-11
504;4537;27.0;отказ от военкомата;водитель, связист, младший сержант;Турция;Домодедово;;Москва;В;;11.10.2022 19:10;2022-10-11
505;4547;38.0;отказ от военкомата;военная кафедра, врач;Азербайджан;Внуково;женщина;;;3;11.10.2022 21:20;2022-10-11
506;4565;28.0;отказ от военкомата;водитель;Турция;Пулково;2011-2012;Санкт-Петербург;А1;;12.10.2022 9:45;2022-10-12
507;4587;39.0;отказ от военкомата;врач, не служил;Узбекистан;Домодедово;женщина; Иркутская область;;;12.10.2022 12:40;2022-10-12
508;4587;22.0;отказ от военкомата;вдв;Киргизия;Кольцово;2019-2020;;;1;11.10.2022 12:40;2022-10-11
509;4597;25.0;отказ от военкомата;485, военная почта, военная кафедра, сержант запаса;Киргизия;Шереметьево;;Таганрог, Ростовская область;А1;1;11.10.2022 14:20;2022-10-11
510;4601;37.0;отказ от военкомата;военная кафедра, ракетные войска;Казахстан;Озинки;;;;;23.09.2022 15:00;2022-09-23
511;4616;31.0;;служил;Турция;;;;;1;12.10.2022 17:31;2022-10-12
512;4620;28.0;отказ от военкомата;стрелок;Турция;Нижний Новгород;;Нижегородская область;Б3;;12.10.2022 18:10;2022-10-12
513;4630;29.0;отказ от военкомата;старший водитель, матрос;Казахстан;;;Кемерово;А1;;23.09.2022 21:01;2022-09-23
514;4630;29.0;отказ от военкомата;старший водитель, матрос;Казахстан;;;Кемерово;А1;;24.09.2022 21:01;2022-09-24
515;4630;29.0;отказ от военкомата;старший водитель, матрос;Казахстан;;;Кемерово;А1;;27.09.2022 21:01;2022-09-27
516;4639;NULL;отказ от военкомата;служил;Армения;Домодедово;;;А1;;12.10.2022 22:35;2022-10-12
517;4642;27.0;отказ от военкомата;служил;Казахстан;;;;А;;12.10.2022 22:45;2022-10-12
518;4646;44.0;;030402, артиллерия, военная кафедра;Казахстан;Жуковский;;;;1;12.10.2022 22:55;2022-10-12
519;4646;27.0;отказ от военкомата;стрелок, контрактник, мобилизационное предписание, ВВС;Грузия;Верхний Ларс;;;А;1;28.09.2022 22:55;2022-09-28
520;4650;27.0;отказ от военкомата;военная кафедра;Турция;Домодедово;;;А;;11.10.2022 23:05;2022-10-11
521;4652;24.0;;РВСН;;Домодедово;;;;;11.10.2022 23:10;2022-10-11
522;4655;35.0;отказ от военкомата;военная кафедра;Индия;Шереметьево;;;А;;11.10.2022 23:22;2022-10-11
523;4659;28.0;отказ от военкомата;служил;Турция;Шереметьево;2017-2018;;;;;2022-10-02
524;4663;45.0;отказ от военкомата;врач, не служил;Турция;Пулково;женщина;Всеволожск, Ленинградская область;;;12.10.2022 23:55;2022-10-12
525;4663;32.0;отказ от военкомата;разведчик, РВСН;Казахстан;Петухово;2011-2012;Санкт-Петербург;;;12.10.2022 23:55;2022-10-12
526;4683;22.0;;служил;Турция;Домодедово;;;;;13.10.2022 12:20;2022-10-13
527;4685;27.0;;служил;Армения;Пулково;2014-2015;;;;13.10.2022 12:40;2022-10-13
528;4713;22.0;отказ от военкомата;служил;ОАЭ;Внуково;;Нижегородская область;;1;12.10.2022 19:40;2022-10-12
529;4716;27.0;;водитель, морская пехота;Казахстан;Внуково;;;А;;12.10.2022 20:10;2022-10-12
530;4716;21.0;;не служил, приписное;Азербайджан;Шереметьево;;;А;;13.10.2022 20:10;2022-10-13
531;4717;31.0;отказ от военкомата;врач, рядовой запаса, не служил;Узбекистан;Домодедово;женщина;Переславль-Залесский, Ярославская область;;;13.10.2022 20:20;2022-10-13
532;4721;25.0;отказ от военкомата;военная кафедра, офицер;Армения;Нижний Новгород;;;;;12.10.2022 21:00;2022-10-12
533;4735;31.0;отказ от военкомата;100182А, командир стрелкового отделения, сержант;Турция;Шереметьево;2011-2012;;А1;;12.10.2022 23:00;2022-10-12
534;4736;29.0;отказ от военкомата;военная кафедра;Сербия;Пулково;;;;;13.10.2022 23:10;2022-10-13
535;4739;NULL;отказ от военкомата;служил;;Домодедово;;;А1;;12.10.2022 23:40;2022-10-12
536;4746;30.0;;военная кафедра;Киргизия;Домодедово;;;;;29.09.2022 9:50;2022-09-29
537;4746;30.0;;военная кафедра;Армения;Пулково;;;;;06.10.2022 9:50;2022-10-06
538;4746;30.0;отказ от военкомата;военная кафедра;Казахстан;Исилькуль;;;;;08.10.2022 9:50;2022-10-08
539;4759;32.0;отказ от военкомата;служил;Турция;Баландино;;;;;14.10.2022 12:30;2022-10-14
540;4767;NULL;;стрелок;Турция;Внуково;;;Б3;;12.10.2022 2:50;2022-10-12
541;4790;22.0;;служил;Казахстан;Шереметьево;2019-2020;;;;14.10.2022 17:40;2022-10-14
542;4807;30.0;отказ от военкомата;электрик;;Внуково;;Нижний Новгород;Б4;;14.10.2022 20:45;2022-10-14
543;4815;57.0;отказ от военкомата;военная кафедра, офицер запаса;Турция;Шереметьево;;;;;14.10.2022 21:25;2022-10-14
544;4825;38.0;отказ от военкомата;471101, эксплуатация и  ремонт конструкций, двигателей и стартового оборудования корабельных комплексов крылатых ракет, военная кафедр;Турция;Пулково;;Выборг, Ленинградская область;;;14.10.2022 22:15;2022-10-14
545;4837;28.0;;командир стрелкового отделения, младший сержант;Киргизия;Красноярск;;;;;26.09.2022 23:15;2022-09-26
546;4837;28.0;;командир стрелкового отделения, младший сержант;Казахстан;;;;;;27.09.2022 23:15;2022-09-27
547;4852;38.0;отказ от военкомата;военная кафедра, офицер запаса, врач;Казахстан;Внуково;;Держинск, Иркутская область;;;15.10.2022 10:20;2022-10-15
548;4878;26.0;отказ от военкомата;999000, не служил;Армения;Домодедово;;Санкт-Петербург;В;;14.10.2022 14:40;2022-10-14
549;4921;25.0;отказ от военкомата;военная кафедра;Казахстан;Жуковский;;;А;;15.10.2022 21:50;2022-10-15
550;4923;31.0;;служил;Казахстан;Жуковский;;;;;15.10.2022 22:10;2022-10-15
551;4925;49.0;отказ от военкомата;военная кафедра, морская радиолокация;Армения;Минеральные Воды;;;;;15.10.2022 22:30;2022-10-15
552;4931;26.0;отказ от военкомата;служил, рядовой;Таджикистан;Пулково;2014-2015;Санкт-Петербург;;;29.09.2022 23:30;2022-09-29
553;4941;29.0;отказ от военкомата;стрелок;Турция;Домодедово;2013-2014;Ивановская область;А1;;16.10.2022 10:20;2022-10-16
554;4943;47.0;отказ от военкомата;310101, офицер;Турция;Шереметьево;;;;;13.10.2022 10:40;2022-10-13
555;4946;29.0;отказ от военкомата;связист;Узбекистан;Внуково;;;Б4;;01.10.2022 11:10;2022-10-01
556;4954;31.0;;техник фотографии и фотооборудования, младший сержант;Казахстан;Внуково;;Московская область;А1;;16.10.2022 12:20;2022-10-16
557;4959;23.0;отказ от военкомата;артиллерия;Казахстан;Жуковский;;;А1;;16.10.2022 13:10;2022-10-16
558;4960;28.0;отсутсвие визы принимающей страны;кодировщик;;Пулково;;;А1;;16.10.2022 13:20;2022-10-16
559;4963;28.0;;сапёр, инженерные войска;ОАЭ;Шереметьево;;;А;;15.10.2022 13:50;2022-10-15
560;4963;23.0;отказ от военкомата;не служил, приписное;Казахстан;Внуково;;Ивантеевка, Московская область;;;15.10.2022 13:50;2022-10-15
561;4964;NULL;отказ от военкомата;служил;Бахрейн;Домодедово;2010-2011;Курск, Курская область;;;15.10.2022 14:00;2022-10-15
562;4968;27.0;;инструктор физ. подготовки;Казахстан;Бугристое;2015-2016;Фрунзенский район, Санкт-Петербург;А1;;25.09.2022 14:40;2022-09-25
563;4968;27.0;отказ от военкомата;инструктор физ. подготовки;Беларусь;Новосокольники;2015-2016;Фрунзенский район, Санкт-Петербург;А1;;16.10.2022 14:40;2022-10-16
564;4977;33.0;;420, связист коротковолновой радиостанции;Киргизия;;;Кострома, Костромская область;;;16.10.2022 16:00;2022-10-16
565;4986;33.0;долг;служил, рядовой;Грузия (Абхазия);Адлер;;;А1;;22.09.2022 17:30;2022-09-22
566;4989;NULL;отказ во въезде;;Швейцария;Анталья;;;;;16.10.2022 10:00;2022-10-16
567;5006;NULL;отказ от военкомата;СпН;Беларусь;Лобок;;Псковская область;;;12.10.2022 20:50;2022-10-12
568;5013;26.0;отказ от военкомата;командир ГСАО;Турция;Домодедово;;Ростов-на-Дону, Ростовская область;А;;16.10.2022 14:26;2022-10-16
569;5020;27.0;отказ от военкомата;инструктор физ. подготовки;Казахстан;;2017-2018;;А1;;05.10.2022 23:10;2022-10-05
570;5020;27.0;отказ от военкомата;инструктор физ. подготовки;Беларусь;Новосокольники;2017-2018;;А1;;09.10.2022 23:10;2022-10-09
571;5035;26.0;отказ от военкомата;служил;Турция;Домодедово;;;;;17.10.2022 10:40;2022-10-17
572;5081;25.0;отказ от военкомата;служил;Армения;Внуково;;;Б3;;17.10.2022 19:01;2022-10-17
573;5085;33.0;отказ от военкомата;служил;Египет;Шереметьево;;;;;14.10.2022 19:40;2022-10-14
574;5098;NULL;;служил;Турция;Пулково;;;;;17.10.2022 21:50;2022-10-17
575;5104;29.0;;528, младший сержант;Казахстан;Жуковский;;;Б3;1;17.10.2022 8:50;2022-10-17
576;5110;30.0;;санитарный инструктор;Шри-Ланка;Шереметьево;2014-2015;Васильеостровский, Санкт-Петербург;;;17.10.2022 23:50;2022-10-17
577;5133;40.0;отказ от военкомата;военная кафедра;Турция;Пулково;;Кировск, Ленинградская область;;;26.09.2022 13:40;2022-09-26
578;5146;38.0;отказ от военкомата;военная кафедра;Тайланд;Пулково;;Выборг, Ленинградская область;;;14.10.2022 15:50;2022-10-14
579;5159;29.0;отказ от военкомата;командир танка, наводчик;Турция;Внуково;;;;;18.10.2022 17:50;2022-10-18
580;5162;NULL;;механик-водитель;Турция;Шереметьево;2014-2015;Московская область;Б;;18.10.2022 18:20;2022-10-18
581;5181;31.0;отказ во въезде;100, мобилизационное предписание;Польша;Мамоново-2;;;Б3;;12.10.2022 22:10;2022-10-12
582;5185;31.0;отказ от военкомата;разведчик;Казахстан;Пулково;2013-2014;;А1;;13.10.2022 22:50;2022-10-13
583;5189;NULL;отказ от военкомата;военная кафедра;Беларусь;Новосокольники;;Всеволожск, Ленинградская область;;;15.10.2022 23:31;2022-10-15
584;5195;NULL;отсутсвие визы принимающей страны;106, военная кафедра;Иран;Шереметьево;;;;;25.09.2022 10:05;2022-09-25
585;5195;NULL;отказ от военкомата;106, военная кафедра;Турция;Внуково;;;;;25.09.2022 10:05;2022-09-25
586;5195;NULL;отказ от военкомата;106, военная кафедра;Казахстан;Теплое;;;;;27.09.2022 10:05;2022-09-27
587;5195;NULL;отказ от военкомата;106, военная кафедра;Казахстан;Петухово;;;;;29.09.2022 10:05;2022-09-29
588;5204;29.0;отказ от военкомата;военная кафедра;ОАЭ;Минеральные Воды;;;Б;;27.09.2022 11:20;2022-09-27
589;5245;NULL;;ПВО, военная кафедра, офицер;Египет;Пулково;;Смоленская область;;;19.10.2022 17:50;2022-10-19
590;5257;27.0;;;Сербия;Сочи;;Республика Удмуртия;А;;18.10.2022 20:01;2022-10-18
591;5262;26.0;отказ от военкомата;вдв;Казахстан;Исилькуль;;;А2;;19.10.2022 20:50;2022-10-19
592;5265;28.0;отказ от военкомата;659079;Турция;Шереметьево;;Орловская область;А;;03.10.2022 21:40;2022-10-03
593;5292;NULL;;100, ВВ;Египет;Домодедово;2013-2014;Липецкая область;;;20.10.2022 13:31;2022-10-20
594;5297;28.0;отказ от военкомата;служил;Армения;Внуково;;;А;;20.10.2022 14:45;2022-10-20
595;5321;28.0;отказ от военкомата;артиллерист, водитель-механик;Казахстан;Кольцово;2011-2012;Выборг, Ленинградская область;А1;;20.10.2022 20:45;2022-10-20
596;5325;27.0;отказ от военкомата;разведчик, СпН;Турция;Домодедово;;;;;20.10.2022 21:45;2022-10-20
597;5329;NULL;отказ от военкомата;служил;Армения;Волгоград;2016-2017;;;;20.10.2022 22:45;2022-10-20
598;5330;30.0;отказ от военкомата;автомобильные войска;Турция;Внуково;2011-2012;;;;17.10.2022 23:01;2022-10-17
599;5342;34.0;;служил;Казахстан;;;;;;14.10.2022 12:00;2022-10-14
600;5343;25.0;отказ в выезде иностранным государством;мотострелок, младший сержант;Казахстан;Минск;;;;;20.10.2022 12:15;2022-10-20
601;5362;NULL;;служил;;Шереметьево;;;;;09.10.2022 16:45;2022-10-09
602;5363;NULL;;старший оператор связи;Казахстан;Кольцово;;;;;21.10.2022 17:00;2022-10-21
603;5365;26.0;отказ от военкомата;командир БТР, сержант;Беларусь;Пулково;;;А1;;20.10.2022 10:30;2022-10-20
604;5371;23.0;отказ от военкомата;стрелок;ОАЭ;Домодедово;2017-2018;;;;01.10.2022 19:15;2022-10-01
605;5371;23.0;отказ от военкомата;стрелок;Беларусь;;2017-2018;;;;18.10.2022 19:15;2022-10-18
606;5371;39.0;отказ от военкомата;473001, военная кафедра;Грузия (Абхазия);Адлер;2017-2018;Барнаул, Алтайский край;;;30.09.2022 19:15;2022-09-30
607;5371;39.0;отказ от военкомата;473001, военная кафедра;Грузия (Абхазия);Адлер;2017-2018;Барнаул, Алтайский край;;;21.10.2022 19:15;2022-10-21
608;5376;32.0;;служил;Узбекистан;Пулково;;Красносельский, Санкт-Петербург;;;19.10.2022 20:30;2022-10-19
609;5379;25.0;отказ от военкомата;485, военная почта, военная кафедра, сержант запаса;;Жуковский;;Таганрог, Ростовская область;А1;1;17.10.2022 21:15;2022-10-17
610;5379;25.0;отказ в выезде иностранным государством;485, военная почта, военная кафедра, сержант запаса;Турция;Минск;;Таганрог, Ростовская область;А1;1;21.10.2022 21:15;2022-10-21
611;5379;28.0;;служил;Монголия;Кяхта;;;;;21.10.2022 21:15;2022-10-21
612;5381;26.0;;стрелок;Грузия (Абхазия);Адлер;;;;;21.10.2022 21:45;2022-10-21
613;5384;NULL;;;Казахстан;Орск;;;;;26.09.2022 23:15;2022-09-26
614;5385;29.0;;087, водитель-механик;Казахстан;Караозек;;;А1;;29.09.2022 23:20;2022-09-29
615;5391;44.0;отказ от военкомата;не служил;Армения;Домодедово;;;;;21.10.2022 23:50;2022-10-21
616;5415;NULL;отказ от военкомата;стрелок;Казахстан;;;;А1;;03.10.2022 14:20;2022-10-03
617;5430;34.0;;мотострелок;Израиль;Домодедово;2009-2010;;А;;29.09.2022 16:40;2022-09-29
618;5437;27.0;отказ в выезде иностранным государством;служил;Турция;Минск;;;;;21.10.2022 17:50;2022-10-21
619;5447;30.0;отказ в выезде иностранным государством;не служил;Грузия;Минск;;;Б;;22.10.2022 19:30;2022-10-22
620;5447;31.0;отказ в выезде иностранным государством;не служил;Грузия;Минск;;;Б;;22.10.2022 19:30;2022-10-22
621;5452;35.0;отказ от военкомата;писарь;Армения;Пулково;2009-2010;;А;;22.10.2022 20:20;2022-10-22
622;5455;NULL;отказ в выезде иностранным государством;107;Турция;Минск;;;А;;22.10.2022 15:50;2022-10-22
623;5467;29.0;отказ от военкомата;военная кафедра;;Пулково;;Всеволожск, Ленинградская область;;;27.09.2022 22:50;2022-09-27
624;5467;29.0;отказ от военкомата;военная кафедра;;Пулково;;Всеволожск, Ленинградская область;;;19.10.2022 22:50;2022-10-19
625;5469;23.0;;служил;Казахстан;;;;;;22.10.2022 23:10;2022-10-22
626;5470;30.0;отказ в выезде иностранным государством;служил;Турция;Минск;;;;;22.10.2022 23:20;2022-10-22
627;5472;23.0;;радиотелеграфист;Казахстан;;;;А1;;22.10.2022 23:40;2022-10-22
628;5473;32.0;отказ от военкомата;связист;Казахстан;Шереметьево;;;Б1;;15.10.2022 23:50;2022-10-15
629;5473;NULL;отказ от военкомата;военная кафедра;Казахстан;Внуково;;;;;19.10.2022 23:50;2022-10-19
630;5473;NULL;отказ в выезде иностранным государством;военная кафедра;Казахстан;Минск;;;;;22.10.2022 23:50;2022-10-22
631;5480;32.0;отказ в выезде иностранным государством;837;Турция;Минск;;Белгород, Белгородская область;;1;22.10.2022 11:20;2022-10-22
632;5481;NULL;отказ от военкомата;;;Шереметьево;;;;;18.10.2022 11:30;2022-10-18
633;5490;29.0;отказ от военкомата;стрелок;ОАЭ;Домодедово;;Санкт-Петербург;;;15.10.2022 12:50;2022-10-15
634;5490;29.0;отказ в выезде иностранным государством;стрелок;;Минск;;Санкт-Петербург;;;23.10.2022 12:50;2022-10-23
635;5494;NULL;;водитель;Сербия;Пулково;;Курская область;;;23.10.2022 13:30;2022-10-23
636;5496;26.0;отказ в выезде иностранным государством;старший оператор радиоперехвата;Казахстан;Минск;;Санкт-Петербург;Б;;22.10.2022 13:50;2022-10-22
637;5498;27.0;отказ от военкомата;служил;Казахстан;Пулково;;;;;23.10.2022 14:10;2022-10-23
638;5529;50.0;;военная кафедра, офицер запаса;;;;;;;23.10.2022 19:20;2022-10-23
639;5533;27.0;отказ от военкомата;не служил;Турция;Пулково;;;В;;23.10.2022 20:02;2022-10-23
640;5537;23.0;отказ от военкомата;837037, водитель-электрик;ОАЭ;Внуково;2019-2020;;Б3;;23.10.2022 20:40;2022-10-23
641;5544;27.0;;военная кафедра;;;;Архангельская область;А;;25.09.2022 21:40;2022-09-25
642;5555;46.0;отказ в выезде иностранным государством;военная кафедра;Турция;Минск;;;;;23.10.2022 23:20;2022-10-23
643;5560;29.0;;военная кафедра;Казахстан;Петухово;;;А;;26.09.2022 23:55;2022-09-26
644;5563;42.0;отказ в выезде иностранным государством;офицер запаса;Армения;Минск;;;;;23.10.2022 9:40;2022-10-23
645;5576;27.0;отказ в выезде иностранным государством;служил;Грузия;Минск;;;А;;23.10.2022 11:50;2022-10-23
646;5593;32.0;отказ от военкомата;;Казахстан;Светлый;;;Б4;1;27.09.2022 15:30;2022-09-27
647;5593;32.0;отказ от военкомата;;Казахстан;Светлый;;;Б4;1;28.09.2022 15:30;2022-09-28
648;5596;NULL;отказ в выезде иностранным государством;ракетчик;;Минск;;;;;23.10.2022 16:00;2022-10-23
649;5607;NULL;отказ в выезде иностранным государством;служил, контрактник;;Минск;;;;;24.10.2022 18:30;2022-10-24
650;5611;33.0;отказ от военкомата;связист, военная кафедра, офицер;Армения;Пулково;;Выборг, Ленинградская область;;;22.10.2022 19:20;2022-10-22
651;5613;24.0;;служил;Казахстан;;;;А1;;27.09.2022 20:20;2022-09-27
652;5619;26.0;отказ от военкомата;связист;;;;Воронеж, Воронежская область;А1;;23.10.2022 21:25;2022-10-23
653;5629;28.0;;не служил;Турция;;;Альметьевск, Республика Татарстан;;;23.10.2022 11:01;2022-10-23
654;5630;44.0;отказ от военкомата;не служил;;Домодедово;;;;;23.10.2022 11:10;2022-10-23
655;5630;NULL;;;ОАЭ;Внуково;;;;;25.10.2022 11:10;2022-10-25
656;5642;32.0;отказ от военкомата;военная кафедра, офицер запаса, вус автомобильная;ОАЭ;Внуково;;Санкт-Петербург;;;23.10.2022 13:10;2022-10-23
657;5642;32.0;отказ в выезде иностранным государством;военная кафедра, офицер запаса, вус автомобильная;Азербайджан;Минск;;Санкт-Петербург;;;24.10.2022 13:10;2022-10-24
658;5667;NULL;отказ от военкомата;военная кафедра, фпс, солдат;Турция;Сочи;;;Б;;25.10.2022 19:40;2022-10-25
659;5678;30.0;отказ от военкомата;старший мастер;Казахстан;Комсомольское;;Москва;;;29.09.2022 21:30;2022-09-29
660;5678;30.0;отказ от военкомата;старший мастер;Казахстан;Петухово;;Москва;;;02.10.2022 21:30;2022-10-02
661;5678;34.0;отказ от военкомата;командир отделения, снайпер;Казахстан;Петухово;;Москва;;;02.10.2022 21:30;2022-10-02
662;5678;34.0;отказ от военкомата;командир отделения, снайпер;Казахстан;Комсомольское;;Москва;;;29.09.2022 21:30;2022-09-29
663;5680;NULL;;не служил;Таджикистан;Красноярск;;Санкт-Петербург;В;;29.09.2022 21:50;2022-09-29
664;5689;44.0;;военная кафедра;Турция;Шереметьево;;;;1;22.10.2022 23:20;2022-10-22
665;5701;NULL;отказ от военкомата;оператор ЭВМ;Армения;Шереметьево;2017-2018;;А;;02.10.2022 11:16;2022-10-02
666;5701;NULL;отказ в выезде иностранным государством;оператор ЭВМ;Грузия;Минск;2017-2018;;А;;26.10.2022 11:16;2022-10-26
667;5705;26.0;отказ от военкомата;вдв, сержант;Шри-Ланка;Внуково;;;А;;23.10.2022 12:10;2022-10-23
668;5705;26.0;отказ от военкомата;вдв, сержант;Турция;Пулково;;;А;;26.10.2022 12:10;2022-10-26
669;5709;26.0;отказ от военкомата;телефонист кабельных путей;Узбекистан;Новосибирск;;Выборг, Ленинградская область;А1;;26.09.2022 12:50;2022-09-26
670;5709;26.0;отказ в выезде иностранным государством;телефонист кабельных путей;Турция;Минск;;Выборг, Ленинградская область;А1;;26.10.2022 12:50;2022-10-26
671;5730;22.0;;служил;Грузия;Верхний Ларс;2020-2021;;А1;;26.10.2022 17:00;2022-10-26
672;5733;31.0;отказ от военкомата;служил;Беларусь;;;;;;26.10.2022 17:30;2022-10-26
673;5740;36.0;отказ от военкомата;служил;Китай;Пулково;;;;;26.10.2022 22:00;2022-10-26
674;5747;29.0;отказ от военкомата;служил;Куба;Шереметьево;;;;;25.10.2022 2:40;2022-10-25
675;5766;NULL;отказ в выезде иностранным государством;168, разведчик сапёр;Турция;Минск;2020-2021;Ульяновск, Ульяновская область;;;27.10.2022 14:30;2022-10-27
676;5775;NULL;отказ от военкомата;служил;Казахстан;Тюмень;;;А1;;22.10.2022 16:00;2022-10-22
677;5777;27.0;;наводчик-оператор Т-72Б3, мл. сержант, заместитель командира взвода, командир отделения;Узбекистан;Домодедово;;Ульяновская область;А1;;01.10.2022 16:20;2022-10-01
678;5787;28.0;отказ от военкомата;разведчик воинских частей специального назначения, разведчик-снайпер, ГРУ;Турция;Внуково;2016-2017;;;;26.10.2022 4:40;2022-10-26
679;5829;NULL;отказ в выезде иностранным государством;;Грузия;Минск;;;;;28.10.2022 14:50;2022-10-28
680;5849;NULL;отказ от военкомата;служил;;;2011-2012;;А;;26.10.2022 19:10;2022-10-26
681;5850;33.0;отказ от военкомата;военная кафедра, офицер запаса, железнодорожные войска;Турция;Шереметьево;;Ленинградская область;;;24.09.2022 19:20;2022-09-24
682;5850;33.0;отказ в выезде иностранным государством;военная кафедра, офицер запаса, железнодорожные войска;;Минск;;Ленинградская область;;;27.10.2022 19:20;2022-10-27
683;5881;25.0;отказ в выезде иностранным государством;служил;Казахстан;Минск;;;А;;28.10.2022 10:50;2022-10-28
684;5882;NULL;;ВМФ;Армения;Минск;;;;;28.10.2022 23:50;2022-10-28
685;5893;41.0;;военная кафедра, вус авиационный;Турция;Домодедово;;;;;09.10.2022 12:30;2022-10-09
686;5893;41.0;отказ в выезде иностранным государством;военная кафедра, вус авиационный;Турция;Минск;;;;;29.10.2022 12:30;2022-10-29
687;5896;42.0;;бухгалтер, военная кафедра;Турция;Сочи;женщина;Хабаровский край;;3;27.10.2022 13:01;2022-10-27
688;5896;42.0;отказ в выезде иностранным государством;бухгалтер, военная кафедра;Турция;Минск;женщина;Хабаровский край;;3;29.10.2022 13:01;2022-10-29
689;5904;NULL;отказ от военкомата;не служил;Узбекистан;Пулково;;Архангельск, Архангельская область;;;22.10.2022 15:10;2022-10-22
690;5904;NULL;отказ от военкомата;не служил;Узбекистан;Шереметьево;;Архангельск, Архангельская область;;;26.10.2022 15:10;2022-10-26
691;5905;28.0;отказ в выезде иностранным государством;танкист;Грузия;Минск;2011-2012;;;;27.10.2022 15:20;2022-10-27
692;5905;29.0;отказ в выезде иностранным государством;космические войска;Грузия;Минск;2011-2012;;;;27.10.2022 15:20;2022-10-27
693;5905;29.0;отказ от военкомата;космические войска;Грузия;Внуково;2011-2012;;;;29.10.2022 15:20;2022-10-29
694;5905;28.0;отказ от военкомата;танкист;Грузия;Внуково;2011-2012;;;;29.10.2022 15:20;2022-10-29
695;5918;25.0;отказ от военкомата;военная кафедра;;Домодедово;;;;;26.09.2022 17:31;2022-09-26
696;5918;25.0;отказ в выезде иностранным государством;военная кафедра;;Минск;;;;;27.10.2022 17:31;2022-10-27
697;5924;27.0;;служил;Армения;Внуково;;;А1;;05.10.2022 18:30;2022-10-05
698;5943;28.0;отказ в выезде иностранным государством;военная кафедра, вус инженерно-технический;Казахстан;Минск;;;;;29.10.2022 23:10;2022-10-29
699;5961;NULL;отказ от военкомата;служил;ОАЭ;Внуково;;Белгород, Белгородская область;;;27.09.2022 12:00;2022-09-27
700;5961;NULL;отказ от военкомата;служил;Казахстан;;;Белгород, Белгородская область;;;03.10.2022 12:00;2022-10-03
701;5965;NULL;отказ в выезде иностранным государством;служил;;Минск;;;;;30.10.2022 12:40;2022-10-30
702;5974;27.0;отказ от военкомата;999000А, не служил;;;;Выборг, Ленинградская область;В;;04.10.2022 14:10;2022-10-04
703;5990;39.0;отказ от военкомата;;;Домодедово;;;;;29.09.2022 21:15;2022-09-29
704;6003;25.0;отказ в выезде иностранным государством;;;Минск;;;;;22.10.2022 9:30;2022-10-22
705;6018;26.0;отказ от военкомата;837, водитель;Киргизия;Пулково;;Санкт-Петербург;;;30.09.2022 13:20;2022-09-30
706;6019;29.0;отказ от военкомата;начальник электростанции, контрактник;Турция;Внуково;;;Б3;;24.10.2022 13:30;2022-10-24
707;6024;23.0;отказ во въезде;не служил;Грузия;Астана;;;;;31.10.2022 14:20;2022-10-31
708;6026;27.0;отказ от военкомата;военный музыкант;;;;Сарапул, Удмуртская Республика;;;24.10.2022 14:40;2022-10-24
709;6026;27.0;отказ от военкомата;военный музыкант;;;;Сарапул, Удмуртская Республика;;;25.10.2022 14:40;2022-10-25
710;6030;30.0;отказ от военкомата;886;Армения;Шереметьево;;;Б3;;29.10.2022 16:01;2022-10-29
711;6031;24.0;;100915П, стрелок;Казахстан;Кулунда;;;А;;28.10.2022 16:25;2022-10-28
712;6036;29.0;отказ от военкомата;санитарный инструктор младших медицинских специалистов, механик-водитель;Казахстан;Орск;;;Б4;1;29.09.2022 21:15;2022-09-29
713;6041;24.0;отказ в выезде иностранным государством;служил, танковые войска;Казахстан;Минск;;;А1;;31.10.2022 22:40;2022-10-31
714;6049;NULL;отказ в выезде иностранным государством;водитель-механик;Грузия;Минск;2010-2011;;А1;;31.10.2022 10:50;2022-10-31
715;6051;NULL;отказ от военкомата;служил;;;;Невский район, Санкт-Петербург;;;01.10.2022 11:10;2022-10-01
716;6062;31.0;отказ от военкомата;служил;Казахстан;Маштаково;;;А;;28.09.2022 13:00;2022-09-28
717;6069;37.0;отказ от военкомата;военная кафедра;;Шереметьево;;Санкт-Петербург;;;23.10.2022 16:15;2022-10-23
718;6069;37.0;отказ от военкомата;военная кафедра;Казахстан;Исилькуль;;Санкт-Петербург;;;28.10.2022 16:15;2022-10-28
719;6077;26.0;отказ от военкомата;водитель;;;2016-2017;;А1;;03.10.2022 0:00;2022-10-03
720;6084;26.0;отказ от военкомата;водитель землеройных машин;Казахстан;;2016-2017;;А1;;27.09.2022 12:30;2022-09-27
721;6084;26.0;отказ от военкомата;водитель землеройных машин;Казахстан;Маштаково;2016-2017;;А1;;28.09.2022 12:30;2022-09-28
722;6084;26.0;отказ от военкомата;водитель землеройных машин;Казахстан;Маштаково;2016-2017;;А1;;28.09.2022 12:30;2022-09-28
723;6090;NULL;отказ в выезде иностранным государством;служил;Турция;Минск;2013-2014;;;;21.10.2022 13:20;2022-10-21
724;6090;NULL;отказ от военкомата;служил;Турция;;2013-2014;;;;21.10.2022 13:20;2022-10-21
725;6093;25.0;отказ в выезде иностранным государством;артиллерия;Грузия;Минск;2016-2017;Санкт-Петербург;Б;;01.11.2022 13:50;2022-11-01
726;6098;27.0;отказ от военкомата;служил;Грузия;;;;;;23.10.2022 16:55;2022-10-23
727;6098;27.0;отказ от военкомата;служил;Грузия;;;;;;24.10.2022 16:55;2022-10-24
728;6107;NULL;отказ в выезде иностранным государством;водитель-механик;Грузия;Минск;2010-2011;;А1;;31.10.2022 19:50;2022-10-31
729;6115;NULL;отказ во въезде;;Грузия;Стамбул;;;;;02.11.2022 11:15;2022-11-02
730;6117;27.0;отказ от военкомата;электрик-дизелист;Казахстан;Жуковский;;Смоленск, Смоленская область;Б;;07.10.2022 11:58;2022-10-07
731;6122;25.0;отказ в выезде иностранным государством;номер артиллерийского расчета;Грузия;Минск;2016-2017;;;;01.11.2022 13:45;2022-11-01
732;6125;NULL;;взрывотехник, контракт СОБР;Турция;Внуково;2013-2014;;А1;;22.10.2022 15:12;2022-10-22
733;6125;NULL;;взрывотехник, контракт СОБР;Грузия;Минск;2013-2014;;А1;;24.10.2022 15:12;2022-10-24
734;6140;26.0;отказ в выезде иностранным государством;старший разведчик;Турция;Минск;;Калининград, Калининградская область;;;01.11.2022 20:07;2022-11-01
735;6148;26.0;отказ от военкомата;связист;Узбекистан;Пулково;;;;;30.09.2022 23:06;2022-09-30
736;6176;26.0;отказ от военкомата;инженерные войска;Казахстан;;2016-2017;;;;26.09.2022 20:03;2022-09-26
737;6185;NULL;отказ в выезде иностранным государством;107;Турция;Минск;2016-2017;;А;;22.10.2022 15:55;2022-10-22
738;6200;NULL;долг;;Казахстан;Вишнёвка;;;;;01.10.2022 15:00;2022-10-01
739;6200;NULL;долг;;Казахстан;Вишнёвка;;;;;01.10.2022 15:00;2022-10-01
740;6203;22.0;отказ от военкомата;стрелок, сержант, оркестр;Грузия;Верхний Ларс;2018-2019;;Б3;;27.09.2022 15:45;2022-09-27
741;6219;23.0;отказ от военкомата;стрелок;;Нальчик;2017-2018;;;;13.10.2022 19:45;2022-10-13
742;6219;23.0;отказ от военкомата;стрелок;Грузия;Верхний Ларс;2017-2018;;;;14.10.2022 19:45;2022-10-14
743;6267;29.0;отказ от военкомата;служил;Грузия;Верхний Ларс;;;;;14.10.2022 10:40;2022-10-14
744;6296;25.0;отказ от военкомата;859427А, военная кафедра;;;;Санкт-Петербург;;;29.09.2022 17:50;2022-09-29
745;6302;NULL;отказ от военкомата;сухопутные войска;Сербия;Внуково;2015-2016;;Б;;18.10.2022 19:20;2022-10-18
746;6312;42.0;;не служил;Армения;Домодедово;;;В;;07.11.2022 23:57;2022-11-07
747;6332;NULL;отказ во въезде;не служил;Польша;Брест;;Москва;;;07.11.2022 15:45;2022-11-07
748;6340;NULL;отказ от военкомата;механик-водитель БМП;Казахстан;Павловка;2012-2013;;А;;28.09.2022 19:15;2022-09-28
749;6362;NULL;;служил;;Кольцово;;;;;29.09.2022 12:45;2022-09-29
750;6362;NULL;;служил;;Жуковский;;;;;17.10.2022 12:45;2022-10-17
751;6375;35.0;отказ от военкомата;не служил;Турция;Жуковский;;Ярославская область;;;26.09.2022 16:01;2022-09-26
752;6376;26.0;отказ от военкомата;служил;Киргизия;Домодедово;;Ставропольский край;А;;19.10.2022 16:15;2022-10-19
753;6403;29.0;отказ от военкомата;служил;Турция;Внуково;;;;;14.10.2022 17:52;2022-10-14
754;6437;32.0;;военная кафедра, офицер запаса, мобилизационное предписание;Казахстан;;;;А;;26.09.2022 23:20;2022-09-26
755;6448;30.0;отказ от военкомата;командир отделения понтонных переправ, мл. сержант;;Шереметьево;;;;;03.10.2022 14:40;2022-10-03
756;6465;NULL;отказ от военкомата;100;Казахстан;Бугристое;;;;;09.10.2022 21:05;2022-10-09
757;6465;NULL;отказ от военкомата;100;Турция;;;;;;25.10.2022 21:05;2022-10-25
758;6465;NULL;отказ в выезде иностранным государством;100;Турция;Минск;;;;;26.10.2022 21:05;2022-10-26
759;6476;32.0;;служил;;Домодедово;;;;;17.10.2022 14:01;2022-10-17
760;6497;26;отказ от военкомата;служил;Грузия;Верхний Ларс;2016-2017;Белгород, Белгородская область;;;26.09.2022 15:43;2022-09-26
